10000,954,-26,-221,-700,-2660,-840
10005,954,-26,-221,-700,-2660,-840
10010,959,-29,-227,-350,-3710,-630
10015,959,-29,-227,-350,-3710,-630
10020,964,-34,-228,-350,-3990,-350
10025,964,-34,-228,-350,-3990,-350
10030,966,-36,-228,-630,-3640,-210
10035,966,-36,-228,-630,-3640,-210
10040,963,-36,-232,-1050,-3010,-280
10045,963,-36,-232,-1050,-3010,-280
10050,954,-38,-238,-1330,-2730,-420
10055,954,-38,-238,-1330,-2730,-420
10060,948,-40,-241,-1260,-3010,-560
10065,948,-40,-241,-1260,-3010,-560
10070,950,-43,-240,-910,-3850,-700
10075,950,-43,-240,-910,-3850,-700
10080,958,-45,-238,-560,-4550,-700
10085,958,-45,-238,-560,-4550,-700
10090,963,-45,-241,-350,-4690,-630
10095,963,-45,-241,-280,-4270,-630
10100,964,-40,-244,-280,-4270,-630
10105,963,-36,-245,0,-3710,-700
10110,963,-36,-245,0,-3710,-700
10115,959,-33,-243,490,-3290,-840
10120,959,-33,-243,490,-3290,-840
10125,957,-33,-241,1050,-3290,-1050
10130,957,-33,-241,1050,-3290,-1050
10135,956,-36,-242,1400,-3570,-1190
10140,956,-36,-242,1400,-3570,-1190
10145,957,-38,-240,1680,-3780,-1120
10150,957,-38,-240,1680,-3780,-1120
10155,960,-38,-237,1680,-3710,-1120
10160,960,-38,-237,1680,-3710,-1120
10165,961,-40,-236,1680,-3640,-1120
10170,961,-40,-236,1680,-3640,-1120
10175,962,-38,-237,1820,-3710,-1190
10180,962,-38,-237,1820,-3710,-1190
10185,961,-36,-240,1890,-3570,-1260
10190,961,-36,-240,1890,-3570,-1260
10195,958,-35,-239,1820,-3360,-1400
10200,958,-35,-239,1820,-3360,-1400
10205,953,-36,-242,1610,-3290,-1470
10210,953,-36,-242,1610,-3290,-1470
10215,951,-39,-242,1610,-3500,-1470
10220,951,-39,-242,1610,-3500,-1470
10225,951,-41,-242,1820,-3920,-1610
10230,951,-41,-242,1820,-3920,-1610
10235,953,-44,-245,2030,-4620,-1610
10240,953,-44,-245,2030,-4620,-1610
10245,960,-43,-251,2170,-5040,-1610
10250,960,-43,-251,2170,-5040,-1610
10255,962,-39,-254,2170,-4900,-1470
10260,962,-39,-254,2170,-4900,-1470
10265,961,-36,-251,2030,-4410,-1400
10270,961,-36,-251,2030,-4410,-1400
10275,954,-31,-244,1680,-3710,-1540
10280,954,-31,-244,1680,-3710,-1540
10285,953,-25,-236,1260,-3080,-1680
10290,953,-25,-236,1260,-3080,-1680
10295,960,-17,-230,700,-2800,-1750
10300,960,-17,-230,700,-2800,-1750
10305,970,-21,-243,420,-2940,-1680
10310,970,-21,-243,420,-2940,-1680
10315,980,-31,-264,1050,-3500,-1680
10320,980,-31,-264,1050,-3500,-1680
10325,991,-49,-271,2310,-3850,-1750
10330,991,-49,-271,3430,-3150,-1680
10335,993,-69,-268,3430,-3150,-1680
10340,993,-69,-266,4130,-1540,-1820
10345,966,-80,-266,4130,-1540,-1820
10350,936,-69,-251,4480,-70,-2240
10355,936,-69,-251,4480,-70,-2240
10360,929,-43,-220,4200,280,-2660
10365,929,-43,-220,4200,280,-2660
10370,941,-10,-195,3010,-280,-2590
10375,941,-10,-195,3010,-280,-2590
10380,949,8,-198,1260,-1260,-2240
10385,949,8,-198,1260,-1260,-2240
10390,952,0,-216,-70,-1680,-1750
10395,952,0,-216,-70,-1680,-1750
10400,951,-22,-231,-420,-1820,-1400
10405,951,-22,-231,-420,-1820,-1400
10410,951,-41,-238,-70,-2520,-1330
10415,951,-41,-238,-70,-2520,-1330
10420,951,-61,-241,490,-3220,-1540
10425,951,-61,-241,490,-3220,-1540
10430,945,-73,-238,1330,-3290,-1960
10435,945,-73,-238,1330,-3290,-1960
10440,940,-65,-232,2240,-3500,-2380
10445,940,-65,-232,2240,-3500,-2380
10450,943,-49,-232,2940,-4480,-2660
10455,943,-49,-232,2940,-4480,-2660
10460,957,-41,-242,3570,-6090,-2660
10465,957,-41,-242,3570,-6090,-2660
10470,971,-40,-252,4270,-7000,-2590
10475,971,-40,-252,4270,-7000,-2590
10480,981,-43,-260,4760,-6790,-2730
10485,981,-43,-260,4760,-6790,-2730
10490,983,-41,-261,5040,-5530,-2800
10495,983,-41,-261,5040,-5530,-2800
10500,981,-34,-254,4760,-3990,-2660
10505,981,-34,-254,4760,-3990,-2660
10510,970,-32,-248,3990,-2800,-2310
10515,970,-32,-248,3990,-2800,-2310
10520,957,-36,-243,3080,-2520,-1890
10525,957,-36,-243,3080,-2520,-1890
10530,949,-41,-241,2590,-3150,-1610
10535,949,-41,-241,2590,-3150,-1610
10540,951,-41,-242,2590,-4270,-1540
10545,951,-41,-242,2590,-4270,-1540
10550,964,-33,-239,2730,-4620,-1610
10555,964,-33,-239,2730,-4620,-1610
10560,967,-20,-232,2380,-3920,-1610
10565,967,-20,-232,2380,-3920,-1610
10570,958,-12,-223,1540,-3080,-1540
10575,958,-12,-223,350,-2940,-1400
10580,949,-10,-215,350,-2940,-1400
10585,946,-11,-213,-490,-3780,-1120
10590,946,-11,-213,-490,-3780,-1120
10595,953,-14,-215,-1050,-5180,-980
10600,953,-14,-215,-1050,-5180,-980
10605,960,-25,-225,-1400,-6020,-840
10610,960,-25,-225,-1400,-6020,-840
10615,964,-41,-235,-1540,-6090,-770
10620,964,-41,-235,-1540,-6090,-770
10625,966,-48,-239,-1260,-5670,-910
10630,966,-48,-239,-1260,-5670,-910
10635,968,-46,-237,-840,-5040,-1260
10640,968,-46,-237,-840,-5040,-1260
10645,966,-40,-233,-630,-4270,-1540
10650,966,-40,-233,-630,-4270,-1540
10655,965,-43,-237,-700,-3710,-1540
10660,965,-43,-237,-700,-3710,-1540
10665,961,-45,-240,-770,-3360,-1470
10670,961,-45,-240,-770,-3360,-1470
10675,962,-44,-242,-840,-3150,-1330
10680,962,-44,-242,-840,-3150,-1330
10685,965,-45,-249,-1190,-3010,-1260
10690,965,-45,-249,-1190,-3010,-1260
10695,968,-45,-254,-1330,-2730,-1190
10700,968,-45,-254,-1330,-2730,-1190
10705,967,-44,-253,-1120,-2240,-1190
10710,967,-44,-253,-1120,-2240,-1190
10715,964,-43,-246,-700,-1820,-1330
10720,964,-43,-246,-700,-1820,-1330
10725,959,-40,-236,-140,-1750,-1540
10730,959,-40,-236,-140,-1750,-1540
10735,953,-37,-227,70,-1890,-1680
10740,953,-37,-227,70,-1890,-1680
10745,951,-33,-220,70,-2380,-1750
10750,951,-33,-220,70,-2380,-1750
10755,951,-31,-220,-210,-3080,-1610
10760,951,-31,-220,-210,-3080,-1610
10765,950,-30,-223,-420,-3920,-1400
10770,950,-30,-223,-420,-3920,-1400
10775,952,-32,-228,-770,-4620,-1190
10780,952,-32,-228,-770,-4620,-1190
10785,958,-36,-235,-1330,-5040,-1120
10790,958,-36,-235,-1330,-5040,-1120
10795,963,-42,-241,-1890,-4970,-980
10800,963,-42,-241,-1890,-4970,-980
10805,967,-44,-245,-2030,-4480,-1120
10810,967,-44,-245,-2030,-4480,-1120
10815,969,-47,-245,-1890,-3710,-1120
10820,969,-47,-245,-1470,-2870,-1120
10825,966,-50,-241,-1470,-2870,-1120
10830,960,-50,-237,-1190,-2450,-1190
10835,960,-50,-237,-1190,-2450,-1190
10840,956,-50,-238,-1050,-2450,-1400
10845,956,-50,-238,-1050,-2450,-1400
10850,959,-50,-238,-770,-2730,-1470
10855,959,-50,-238,-770,-2730,-1470
10860,962,-47,-237,-350,-3010,-1540
10865,962,-47,-237,-350,-3010,-1540
10870,966,-45,-239,70,-3150,-1470
10875,966,-45,-239,70,-3150,-1470
10880,967,-42,-237,350,-2940,-1330
10885,967,-42,-237,350,-2940,-1330
10890,965,-37,-232,210,-2450,-1330
10895,965,-37,-232,210,-2450,-1330
10900,963,-37,-231,-140,-2310,-1400
10905,963,-37,-231,-140,-2310,-1400
10910,963,-35,-238,-210,-2310,-1540
10915,963,-35,-238,-210,-2310,-1540
10920,964,-33,-241,70,-2100,-1610
10925,964,-33,-241,70,-2100,-1610
10930,960,-33,-240,210,-1610,-1470
10935,960,-33,-240,210,-1610,-1470
10940,957,-38,-236,70,-1190,-1260
10945,957,-38,-236,70,-1190,-1260
10950,955,-41,-232,-210,-1190,-1190
10955,955,-41,-232,-210,-1190,-1190
10960,955,-40,-228,-350,-1400,-1260
10965,955,-40,-228,-350,-1400,-1260
10970,956,-38,-229,-490,-1750,-1400
10975,956,-38,-229,-490,-1750,-1400
10980,959,-36,-234,-350,-2240,-1540
10985,959,-36,-234,-350,-2240,-1540
10990,962,-36,-241,280,-2380,-1540
10995,962,-36,-241,280,-2380,-1540
11000,966,-45,-248,1050,-2170,-1470
11005,966,-45,-248,1050,-2170,-1470
11010,963,-53,-248,2240,-1330,-1470
11015,963,-53,-248,2240,-1330,-1470
11020,956,-55,-243,3360,-700,-1610
11025,956,-55,-243,3360,-700,-1610
11030,946,-58,-236,4060,-1190,-1610
11035,946,-58,-236,4060,-1190,-1610
11040,943,-78,-236,4200,-2730,-1470
11045,943,-78,-236,4200,-2730,-1470
11050,946,-116,-251,5250,-4620,-1610
11055,946,-116,-251,5250,-4620,-1610
11060,953,-140,-269,8260,-5950,-2100
11065,953,-140,-269,11900,-6510,-2800
11070,966,-131,-263,11900,-6510,-2800
11075,977,-109,-249,13440,-6300,-3290
11080,977,-109,-249,13440,-6300,-3290
11085,976,-94,-254,12810,-5740,-3500
11090,976,-94,-254,12810,-5740,-3500
11095,976,-78,-261,12040,-4970,-3640
11100,976,-78,-261,12040,-4970,-3640
11105,980,-62,-268,11830,-3850,-3780
11110,980,-62,-268,11830,-3850,-3780
11115,982,-53,-268,11900,-1960,-3710
11120,982,-53,-268,11900,-1960,-3710
11125,981,-46,-256,11410,980,-3570
11130,981,-46,-256,11410,980,-3570
11135,984,-50,-235,9870,3990,-3500
11140,984,-50,-235,9870,3990,-3500
11145,981,-60,-212,7980,6370,-3640
11150,981,-60,-212,7980,6370,-3640
11155,964,-72,-199,6230,8190,-4130
11160,964,-72,-199,6230,8190,-4130
11165,940,-82,-192,5530,8610,-5180
11170,940,-82,-192,5530,8610,-5180
11175,924,-87,-180,6160,6860,-6090
11180,924,-87,-180,6160,6860,-6090
11185,926,-93,-177,6860,3290,-6370
11190,926,-93,-177,6860,3290,-6370
11195,934,-100,-197,6580,-560,-5950
11200,934,-100,-197,6580,-560,-5950
11205,943,-101,-235,6300,-3500,-5180
11210,943,-101,-235,6300,-3500,-5180
11215,942,-84,-265,6090,-5040,-4200
11220,942,-84,-265,6090,-5040,-4200
11225,926,-58,-277,4900,-4970,-3430
11230,926,-58,-277,4900,-4970,-3430
11235,908,-26,-275,2800,-4060,-3080
11240,908,-26,-275,2800,-4060,-3080
11245,896,-10,-276,630,-3290,-2590
11250,896,-10,-276,630,-3290,-2590
11255,889,-19,-280,-1260,-2940,-1750
11260,889,-19,-280,-1260,-2940,-1750
11265,894,-43,-275,-2030,-3290,-910
11270,894,-43,-275,-2030,-3290,-910
11275,921,-72,-269,-2170,-4200,-420
11280,921,-72,-269,-2170,-4200,-420
11285,957,-95,-251,-2310,-4550,-280
11290,957,-95,-251,-2310,-4550,-280
11295,1007,-112,-233,-2870,-4200,-630
11300,1007,-112,-233,-2870,-4200,-2450
11305,1084,-84,-226,-3640,-1890,-2450
11310,1084,-84,-226,-5320,1960,-3850
11315,1075,-5,-192,-5320,1960,-3850
11320,1023,53,-200,-12670,3850,-3570
11325,1023,53,-200,-12670,3850,-3570
11330,993,26,-249,-19320,5460,-2520
11335,993,26,-249,-19320,5460,-2520
11340,938,24,-231,-17080,7700,-1470
11345,938,24,-231,-17080,7700,-1470
11350,863,64,-166,-14910,6650,980
11355,863,64,-166,-14910,6650,980
11360,818,56,-124,-16450,1610,4760
11365,818,56,-124,-16450,1610,4760
11370,886,9,-122,-15540,-3010,5530
11375,886,9,-122,-15540,-3010,5530
11380,883,158,35,-8190,-6930,6930
11385,883,158,35,-8190,-6930,6930
11390,990,99,-58,-22680,-10150,7770
11395,990,99,-58,-22680,-10150,7770
11400,1025,-25,-131,-28280,-6930,8190
11405,1025,-25,-131,-28280,-6930,8190
11410,1035,-130,-114,-18690,-3710,8190
11415,1035,-130,-114,-18690,-3710,8190
11420,1007,-139,-46,-4830,-3080,6930
11425,1007,-139,-46,-4830,-3080,6930
11430,983,-123,-31,840,-6510,5740
11435,983,-123,-31,840,-6510,5740
11440,1007,-124,-72,2240,-11760,3850
11445,1007,-124,-72,2240,-11760,3850
11450,1048,-79,-88,6300,-15330,1470
11455,1048,-79,-88,6300,-15330,1470
11460,1075,-8,-86,8610,-15470,-840
11465,1075,-8,-86,8610,-15470,-840
11470,1095,42,-96,8050,-13300,-2660
11475,1095,42,-96,8050,-13300,-2660
11480,1099,65,-118,4270,-9590,-3500
11485,1099,65,-118,4270,-9590,-3500
11490,1082,48,-136,-700,-3990,-3570
11495,1082,48,-136,-700,-3990,-3570
11500,1028,-3,-132,-2660,2520,-2870
11505,1028,-3,-132,-2660,2520,-2870
11510,944,18,-75,-490,6160,-2520
11515,944,18,-75,-490,6160,-2520
11520,873,26,-63,-2730,5180,-2310
11525,873,26,-63,-2730,5180,-2310
11530,844,0,-75,-5320,1400,-1820
11535,844,0,-75,-5320,1400,-1820
11540,852,-8,-80,-4410,-3500,-1470
11545,852,-8,-80,-1960,-8190,-1330
11550,881,4,-97,-1960,-8190,-1330
11555,921,4,-130,490,-10990,-910
11560,921,18,-130,490,-10990,-910
11565,951,16,-175,2730,-10850,-140
11570,951,16,-175,2730,-10850,-140
11575,959,8,-214,5740,-7560,560
11580,959,8,-214,5740,-7560,560
11585,952,-2,-226,8750,-2310,1260
11590,952,-2,-226,8750,-2310,1260
11595,935,-15,-214,11270,3150,2170
11600,935,-15,-214,11270,3150,2170
11605,896,-38,-197,13930,7420,3430
11610,896,-38,-197,13930,7420,3430
11615,825,-65,-192,17080,9940,4690
11620,825,-65,-192,17080,9940,4690
11625,751,-83,-181,20860,10220,5390
11630,751,-83,-181,20860,10220,5390
11635,700,-52,-138,22960,8890,6090
11640,700,-52,-138,22960,8890,6090
11645,656,-11,-68,20300,6720,6790
11650,656,-11,-68,20300,6720,6790
11655,641,14,-41,16170,4130,6020
11660,641,14,-41,16170,4130,6020
11665,642,59,-44,16170,2170,4270
11670,642,59,-44,16170,2170,4270
11675,648,137,-47,18130,700,2800
11680,648,137,-47,18130,700,2800
11685,639,200,-76,16170,-770,2590
11690,639,200,-76,16170,-770,2590
11695,602,186,-136,10430,-2380,3360
11700,602,186,-136,10430,-2380,3360
11705,550,95,-180,7140,-5180,4200
11710,550,95,-180,7140,-5180,4200
11715,497,-7,-170,8750,-9310,4200
11720,497,-7,-170,8750,-9310,4200
11725,467,-68,-132,10990,-14000,3640
11730,467,-68,-132,10990,-14000,3640
11735,465,-62,-96,9450,-17710,3640
11740,465,-62,-96,9450,-17710,3640
11745,519,-23,-49,5460,-20650,4410
11750,519,-23,-49,5460,-20650,4410
11755,653,50,-6,3710,-24150,5740
11760,653,50,-6,3710,-24150,5740
11765,852,163,25,4900,-26040,7070
11770,852,163,25,4900,-26040,7070
11775,1034,239,-4,6230,-20930,8610
11780,1034,239,-4,6230,-20930,8610
11785,1112,229,-95,7140,-7070,10290
11790,1112,229,-95,8960,8890,12530
11795,1022,118,-230,8960,8890,12530
11800,879,0,-284,14000,18690,13580
11805,879,0,-284,14000,18690,13580
11810,805,-108,-236,17150,21840,15190
11815,805,-108,-236,17150,21840,15190
11820,808,-183,-168,17990,20930,17430
11825,808,-183,-168,17990,20930,17430
11830,854,-155,-158,17710,18340,19320
11835,854,-155,-158,17710,18340,19320
11840,919,-31,-179,16800,15960,21560
11845,919,-31,-179,16800,15960,21560
11850,1023,166,-147,17010,15680,23660
11855,1023,166,-147,17010,15680,23660
11860,1127,327,-116,17570,19460,24010
11865,1127,327,-116,17570,19460,24010
11870,1181,439,-104,18270,28210,21840
11875,1181,439,-104,18270,28210,21840
11880,1148,452,-112,13580,39060,19180
11885,1148,452,-112,13580,39060,19180
11890,1044,165,-182,-840,46060,18130
11895,1044,165,-182,-840,46060,18130
11900,951,-222,-179,-9940,47180,16030
11905,951,-222,-179,-9940,47180,16030
11910,901,-480,-161,-9170,42140,8890
11915,901,-480,-161,-9170,42140,8890
11920,866,-686,-256,-10150,29400,-630
11925,866,-686,-256,-10150,29400,-630
11930,904,-768,-353,-9100,11130,-10780
11935,904,-768,-353,-9100,11130,-10780
11940,1090,-642,-382,-2170,-7420,-21980
11945,1090,-642,-382,-2170,-7420,-21980
11950,1371,-373,-373,5600,-19600,-30660
11955,1371,-373,-373,5600,-19600,-30660
11960,1677,-131,-414,8610,-23100,-34580
11965,1677,-131,-414,8610,-23100,-34580
11970,1886,88,-450,4760,-16730,-33320
11975,1886,88,-450,4760,-16730,-33320
11980,1928,219,-485,-6370,-3220,-28210
11985,1928,219,-485,-6370,-3220,-28210
11990,1742,186,-489,-19880,14280,-18900
11995,1742,186,-489,-19880,14280,-18900
12000,1408,118,-358,-28840,31850,-7490
12005,1408,118,-358,-28840,31850,-7490
12010,1092,42,-198,-34370,39480,3920
12015,1092,42,-198,-34370,39480,3920
12020,839,-50,-64,-34650,36050,14420
12025,839,-50,-64,-34650,36050,14420
12030,721,-179,-2,-29470,25130,19390
12035,721,-179,-2,-19600,7140,17430
12040,751,-320,33,-19600,7140,17430
12045,986,-477,18,-10570,-20020,9730
12050,986,-477,18,-10570,-20020,9730
12055,1390,-639,-126,-6020,-49070,-2240
12060,1390,-639,-126,-6020,-49070,-2240
12065,1737,-700,-366,-280,-62160,-16100
12070,1737,-700,-366,-280,-62160,-16100
12075,1833,-581,-533,7000,-49980,-26390
12080,1833,-581,-533,7000,-49980,-26390
12085,1668,-434,-469,12110,-16940,-28700
12090,1668,-434,-469,12110,-16940,-28700
12095,1392,-324,-303,14210,14560,-25760
12100,1392,-324,-303,14210,14560,-25760
12105,1112,-231,-208,14840,27650,-19880
12110,1112,-231,-208,14840,27650,-19880
12115,880,-122,-156,17150,24430,-13020
12120,880,-122,-156,17150,24430,-13020
12125,750,22,-125,20790,13300,-7000
12130,750,22,-125,20790,13300,-7000
12135,684,163,-63,22890,2380,-1540
12140,684,163,-63,22890,2380,-1540
12145,642,253,12,20720,-7770,3360
12150,642,253,12,20720,-7770,3360
12155,612,254,14,14000,-20160,7420
12160,612,254,14,14000,-20160,7420
12165,615,150,-57,7070,-34650,10080
12170,615,150,-57,7070,-34650,10080
12175,668,-30,-128,2870,-47110,11690
12180,668,-30,-128,2870,-47110,11690
12185,768,-193,-171,2800,-55790,12320
12190,768,-193,-171,2800,-55790,12320
12195,868,-275,-189,6510,-59360,12740
12200,868,-275,-189,6510,-59360,12740
12205,939,-264,-178,9730,-56280,11690
12210,939,-264,-178,9730,-56280,11690
12215,982,-210,-182,8260,-47530,8120
12220,982,-210,-182,8260,-47530,8120
12225,987,-156,-191,2870,-35000,2520
12230,987,-156,-191,2870,-35000,2520
12235,961,-121,-193,-2870,-22190,-4270
12240,961,-121,-193,-2870,-22190,-4270
12245,922,-105,-179,-7280,-11060,-11060
12250,922,-105,-179,-7280,-11060,-11060
12255,895,-95,-129,-10150,-3010,-16940
12260,895,-95,-129,-10150,-3010,-16940
12265,922,-111,-120,-12110,70,-21700
12270,922,-111,-120,-12110,70,-21700
12275,920,-93,-127,-11970,140,-24850
12280,920,-93,-127,-8680,-3430,-26460
12285,938,-79,-173,-8680,-3430,-26460
12290,989,5,-166,-5320,-8750,-25480
12295,989,5,-166,-5320,-8750,-25480
12300,1011,65,-147,-7980,-10430,-21140
12305,1011,65,-147,-7980,-10430,-21140
12310,983,68,-142,-13580,-8330,-15820
12315,983,68,-142,-13580,-8330,-15820
12320,909,60,-148,-18620,-4620,-11760
12325,909,60,-148,-18620,-4620,-11760
12330,826,37,-157,-23030,-560,-9870
12335,826,37,-157,-23030,-560,-9870
12340,763,25,-129,-25830,2310,-10150
12345,763,25,-129,-25830,2310,-10150
12350,694,16,-87,-27720,3780,-11830
12355,694,16,-87,-27720,3780,-11830
12360,612,1,-53,-29680,4900,-13720
12365,612,1,-53,-29680,4900,-13720
12370,513,-18,-10,-32970,6160,-14210
12375,513,-18,-10,-32970,6160,-14210
12380,418,-46,28,-38500,4830,-13720
12385,418,-46,28,-38500,4830,-13720
12390,347,-69,17,-46340,-1680,-13020
12395,347,-69,17,-46340,-1680,-13020
12400,304,-105,-71,-53410,-13160,-12880
12405,304,-105,-71,-53410,-13160,-12880
12410,281,-145,-238,-52570,-29820,-14140
12415,281,-145,-238,-52570,-29820,-14140
12420,264,-198,-429,-43890,-48160,-16310
12425,264,-198,-429,-43890,-48160,-16310
12430,286,-218,-534,-30100,-64400,-18200
12435,286,-218,-534,-30100,-64400,-18200
12440,347,-167,-497,-16380,-74410,-18830
12445,347,-167,-497,-16380,-74410,-18830
12450,495,-127,-378,-9940,-76160,-19250
12455,495,-127,-378,-9940,-76160,-19250
12460,702,-24,-207,-13510,-65800,-23870
12465,702,-24,-207,-13510,-65800,-23870
12470,736,1,-72,-32760,-52780,-20020
12475,736,1,-72,-32760,-52780,-20020
12480,959,-278,-160,-56140,-39900,-20930
12485,959,-278,-160,-56140,-39900,-20930
12490,1064,-390,-111,-31850,-24990,-25060
12495,1064,-390,-111,-31850,-24990,-25060
12500,1110,-327,-68,1120,-14840,-32200
12505,1110,-327,-68,1120,-14840,-32200
12510,1115,-220,-97,16800,-3640,-37940
12515,1115,-220,-97,19810,6720,-39270
12520,1052,-107,-114,19810,6720,-39270
12525,1052,-107,-88,16380,10430,-39830
12530,1030,-61,-88,16380,10430,-39830
12535,1130,-68,-46,13510,9800,-41790
12540,1130,-68,-46,13510,9800,-41790
12545,1305,-61,-76,11900,12880,-42350
12550,1305,-61,-76,11900,12880,-42350
12555,1449,55,-187,8260,24570,-38850
12560,1449,55,-187,8260,24570,-38850
12565,1496,124,-349,1190,41510,-29890
12570,1496,124,-349,1190,41510,-29890
12575,1475,-34,-610,-770,56910,-19530
12580,1475,-34,-610,-770,56910,-19530
12585,1433,-98,-730,11480,60620,-10570
12590,1433,-98,-730,11480,60620,-10570
12595,1450,10,-628,20580,49560,770
12600,1450,10,-628,20580,49560,770
12605,1405,15,-632,15330,37450,12950
12610,1405,15,-632,15330,37450,12950
12615,1271,-17,-659,16380,27230,18270
12620,1271,-17,-659,16380,27230,18270
12625,1232,89,-567,27300,16100,14840
12630,1232,89,-567,27300,16100,14840
12635,1334,237,-488,33180,4760,9100
12640,1334,237,-488,33180,4760,9100
12645,1479,345,-509,32690,-2030,3010
12650,1479,345,-509,32690,-2030,3010
12655,1521,388,-501,30800,-630,-840
12660,1521,388,-501,30800,-630,-840
12665,1373,338,-388,24710,7140,70
12670,1373,338,-388,24710,7140,70
12675,1131,177,-263,12110,12390,2030
12680,1131,177,-263,12110,12390,2030
12685,966,27,-227,3010,6720,770
12690,966,27,-227,3010,6720,770
12695,860,-31,-277,1960,-7700,-1260
12700,860,-31,-277,1960,-7700,-1260
12705,843,-22,-336,4200,-22890,-2520
12710,843,-22,-336,4200,-22890,-2520
12715,950,11,-381,6160,-35140,-3780
12720,950,11,-381,6160,-35140,-3780
12725,1156,82,-422,10710,-47670,-3500
12730,1156,82,-422,10710,-47670,-3500
12735,1360,114,-424,18970,-54670,-3500
12740,1360,114,-424,18970,-54670,-3500
12745,1517,206,-366,23520,-49420,-5810
12750,1517,206,-366,23520,-49420,-5810
12755,1468,267,-345,18270,-33250,-5530
12760,1468,267,-345,8120,-10850,-4970
12765,1263,259,-318,8120,-10850,-4970
12770,1001,210,-291,-630,3990,-5110
12775,1001,210,-291,-630,3990,-5110
12780,786,117,-279,-3990,4480,-4970
12785,786,117,-279,-3990,4480,-4970
12790,694,28,-260,-1820,-4900,-5110
12795,694,28,-260,-1820,-4900,-5110
12800,658,-26,-218,2800,-17710,-4620
12805,658,-26,-218,2800,-17710,-4620
12810,659,-89,-193,6370,-29890,-4270
12815,659,-89,-193,6370,-29890,-4270
12820,680,-126,-192,10850,-40530,-4340
12825,680,-126,-192,10850,-40530,-4340
12830,724,-126,-222,17780,-49420,-4340
12835,724,-126,-222,17780,-49420,-4340
12840,786,-77,-258,25830,-54530,-4410
12845,786,-77,-258,25830,-54530,-4410
12850,848,4,-272,32410,-53900,-4690
12855,848,4,-272,32410,-53900,-4690
12860,885,85,-261,35350,-47180,-4410
12865,885,85,-261,35350,-47180,-4410
12870,869,149,-239,33950,-36120,-2520
12875,869,149,-239,33950,-36120,-2520
12880,836,186,-215,29400,-23590,-280
12885,836,186,-215,29400,-23590,-280
12890,816,206,-197,22610,-11480,2100
12895,816,206,-197,22610,-11480,2100
12900,879,187,-219,14630,-1400,5040
12905,879,187,-219,14630,-1400,5040
12910,960,179,-220,12180,5110,9450
12915,960,179,-220,12180,5110,9450
12920,1153,235,-206,12250,9030,12810
12925,1153,235,-206,12250,9030,12810
12930,1283,287,-213,9030,16660,19040
12935,1283,287,-213,9030,16660,19040
12940,1296,333,-220,5600,28140,27440
12945,1296,333,-220,5600,28140,27440
12950,1162,333,-218,2660,39340,36330
12955,1162,333,-218,2660,39340,36330
12960,955,284,-218,1050,44380,43400
12965,955,284,-218,1050,44380,43400
12970,768,185,-213,1470,40670,47600
12975,768,185,-213,1470,40670,47600
12980,657,58,-191,3080,30450,49560
12985,657,58,-191,3080,30450,49560
12990,601,-69,-179,5180,18620,49560
12995,601,-69,-179,5180,18620,49560
13000,549,-189,-192,7560,8890,47320
13005,549,-189,-192,10220,1890,42980
13010,503,-269,-197,10220,1890,42980
13015,457,-276,-177,11830,-3430,38010
13020,457,-276,-177,11830,-3430,38010
13025,424,-215,-156,10780,-8750,32550
13030,424,-215,-156,10780,-8750,32550
13035,426,-129,-150,7840,-14000,26950
13040,426,-129,-150,7840,-14000,26950
13045,459,-29,-176,5460,-18690,21700
13050,459,-29,-176,5460,-18690,21700
13055,529,62,-200,4340,-22680,17290
13060,529,62,-200,4340,-22680,17290
13065,626,154,-186,2520,-24150,14560
13070,626,154,-186,2520,-24150,14560
13075,723,196,-192,-3640,-22050,13860
13080,723,196,-192,-3640,-22050,13860
13085,803,139,-221,-12390,-15820,14420
13090,803,139,-221,-12390,-15820,14420
13095,848,1,-245,-19040,-7630,15820
13100,848,1,-245,-19040,-7630,15820
13105,864,-139,-273,-20160,-420,16520
13110,864,-139,-273,-20160,-420,16520
13115,886,-227,-277,-15330,5740,16240
13120,886,-227,-277,-15330,5740,16240
13125,909,-253,-235,-8750,11480,16870
13130,909,-253,-235,-8750,11480,16870
13135,904,-224,-159,-2940,16590,18340
13140,904,-224,-159,-2940,16590,18340
13145,872,-134,-121,1680,18900,18130
13150,872,-134,-121,1680,18900,18130
13155,817,-34,-140,4760,18060,16520
13160,817,-34,-140,4760,18060,16520
13165,775,11,-145,6930,14840,14560
13170,775,11,-145,6930,14840,14560
13175,772,17,-133,10220,10010,12670
13180,772,17,-133,10220,10010,12670
13185,784,1,-131,14980,5040,10710
13190,784,1,-131,14980,5040,10710
13195,846,-28,-131,19110,1540,7980
13200,846,-28,-131,19110,1540,7980
13205,923,-25,-139,20370,910,5460
13210,923,-25,-139,20370,910,5460
13215,1013,-96,-272,16380,2240,2240
13220,1013,-96,-272,16380,2240,2240
13225,1096,-226,-448,18620,4970,-2730
13230,1096,-226,-448,18620,4970,-2730
13235,1223,-196,-489,28980,7280,-9520
13240,1223,-196,-489,28980,7280,-9520
13245,1321,-191,-527,27160,9030,-16520
13250,1321,-191,-527,15680,7840,-21700
13255,1419,-275,-652,15680,7840,-21700
13260,1489,-234,-708,10850,8960,-25620
13265,1489,-234,-708,10850,8960,-25620
13270,1468,-83,-671,9380,15260,-27720
13275,1468,-83,-671,9380,15260,-27720
13280,1377,39,-567,4690,22330,-27510
13285,1377,39,-567,4690,22330,-27510
13290,1298,96,-437,-1960,25270,-25060
13295,1298,96,-437,-1960,25270,-25060
13300,1222,51,-336,-9450,22260,-18900
13305,1222,51,-336,-9450,22260,-18900
13310,1183,-43,-319,-13510,13300,-11970
13315,1183,-43,-319,-13510,13300,-11970
13320,1200,-97,-313,-9870,2800,-6790
13325,1200,-97,-313,-9870,2800,-6790
13330,1231,-136,-297,-6230,-4970,-3150
13335,1231,-136,-297,-6230,-4970,-3150
13340,1329,-211,-310,-3290,-10150,-2380
13345,1329,-211,-310,-3290,-10150,-2380
13350,1369,-232,-322,1680,-10990,-2590
13355,1369,-232,-322,1680,-10990,-2590
13360,1298,-238,-326,2800,-8050,-1260
13365,1298,-238,-326,2800,-8050,-1260
13370,1240,-259,-353,560,-6090,-1470
13375,1240,-259,-353,560,-6090,-1470
13380,1222,-307,-386,-560,-7350,-1330
13385,1222,-307,-386,-560,-7350,-1330
13390,1225,-303,-389,2660,-9870,700
13395,1225,-303,-389,2660,-9870,700
13400,1201,-257,-357,6650,-10780,4340
13405,1201,-257,-357,6650,-10780,4340
13410,1131,-199,-304,7420,-9170,7700
13415,1131,-199,-304,7420,-9170,7700
13420,1025,-143,-251,4900,-7490,9310
13425,1025,-143,-251,4900,-7490,9310
13430,915,-98,-234,980,-8470,10010
13435,915,-98,-234,980,-8470,10010
13440,807,-104,-254,-3920,-9030,9520
13445,807,-104,-254,-3920,-9030,9520
13450,718,-91,-250,-7000,-10920,8540
13455,718,-91,-250,-7000,-10920,8540
13460,677,-72,-238,-9170,-19320,8750
13465,677,-72,-238,-9170,-19320,8750
13470,709,-40,-233,-12880,-31010,9590
13475,709,-40,-233,-12880,-31010,9590
13480,794,-15,-236,-18480,-40810,11200
13485,794,-15,-236,-18480,-40810,13090
13490,887,-31,-260,-24220,-43890,13090
13495,887,-31,-260,-27790,-39410,14420
13500,933,-83,-298,-27790,-39410,14420
13505,911,-128,-329,-28560,-29890,14910
13510,911,-128,-329,-28560,-29890,14910
13515,814,-136,-306,-27160,-20370,14980
13520,814,-136,-306,-27160,-20370,14980
13525,732,-144,-266,-25270,-14420,13580
13530,732,-144,-266,-25270,-14420,13580
13535,668,-144,-201,-24150,-10220,9730
13540,668,-144,-201,-24150,-10220,9730
13545,592,-199,-109,-22820,-9450,4970
13550,592,-199,-109,-22820,-9450,4970
13555,658,-230,-37,-21070,-15330,-1610
13560,658,-230,-37,-21070,-15330,-1610
13565,892,-237,-70,-22470,-17780,-10360
13570,892,-237,-70,-22470,-17780,-10360
13575,1070,-231,-170,-24010,-9170,-16940
13580,1070,-231,-170,-24010,-9170,-16940
13585,1077,-170,-235,-24150,9170,-22680
13590,1077,-170,-235,-24150,9170,-22680
13595,848,-119,-227,-23870,25270,-24570
13600,848,-119,-227,-23870,25270,-24570
13605,625,-69,-195,-23660,28070,-24010
13610,625,-69,-195,-23660,28070,-24010
13615,531,-14,-163,-20930,22190,-24990
13620,531,-14,-163,-20930,22190,-24990
13625,501,24,-135,-17920,14840,-25200
13630,501,24,-135,-17920,14840,-25200
13635,479,42,-84,-16520,9730,-23450
13640,479,42,-84,-16520,9730,-23450
13645,441,64,3,-16170,6090,-20020
13650,441,64,3,-16170,6090,-20020
13655,444,71,27,-20720,1890,-17360
13660,444,71,27,-20720,1890,-17360
13665,431,61,-12,-27440,-3150,-15190
13670,431,61,-12,-27440,-3150,-15190
13675,448,-13,-114,-35770,-10220,-13790
13680,448,-13,-114,-35770,-10220,-13790
13685,504,-56,-202,-37310,-19320,-15680
13690,504,-56,-202,-37310,-19320,-15680
13695,563,-78,-261,-33180,-28840,-18270
13700,563,-78,-261,-33180,-28840,-18270
13705,637,-115,-274,-27580,-36470,-20720
13710,637,-115,-274,-27580,-36470,-20720
13715,737,-221,-294,-23590,-40460,-22890
13720,737,-221,-294,-23590,-40460,-22890
13725,847,-378,-309,-18060,-38990,-23380
13730,847,-378,-309,-8190,-32200,-24080
13735,984,-479,-312,-8190,-32200,-24080
13740,1099,-479,-344,-350,-21140,-25480
13745,1099,-453,-344,-350,-21140,-25480
13750,1097,-395,-403,420,-7980,-25620
13755,1097,-395,-403,420,-7980,-25620
13760,1081,-321,-435,-560,2590,-27370
13765,1081,-321,-435,-560,2590,-27370
13770,1078,-222,-421,3570,9660,-31290
13775,1078,-222,-421,3570,9660,-31290
13780,1120,-149,-364,8750,16310,-35490
13785,1120,-149,-364,8750,16310,-35490
13790,1179,-100,-267,12250,25410,-38780
13795,1179,-100,-267,12250,25410,-38780
13800,1198,-82,-182,13370,36680,-39830
13805,1198,-82,-182,13370,36680,-39830
13810,1197,-27,-159,12460,45920,-37800
13815,1197,-27,-159,12460,45920,-37800
13820,1240,63,-182,8470,52640,-33600
13825,1240,63,-182,8470,52640,-33600
13830,1320,56,-314,5110,55860,-28000
13835,1320,56,-314,5110,55860,-28000
13840,1372,-9,-529,10220,50890,-20370
13845,1372,-9,-529,10220,50890,-20370
13850,1343,52,-556,22470,39270,-7630
13855,1343,52,-556,22470,39270,-7630
13860,1392,61,-535,21070,34090,4130
13865,1392,61,-535,21070,34090,4130
13870,1221,51,-471,19250,39970,12740
13875,1221,51,-471,19250,39970,12740
13880,1016,114,-365,20720,35910,15890
13885,1016,114,-365,20720,35910,15890
13890,986,109,-357,13230,20020,11970
13895,986,109,-357,13230,20020,11970
13900,1066,29,-442,6020,2450,5600
13905,1066,29,-442,6020,2450,5600
13910,1224,-10,-495,7560,-8750,-1260
13915,1224,-10,-495,7560,-8750,-1260
13920,1397,78,-447,14490,-9660,-6230
13925,1397,78,-447,14490,-9660,-6230
13930,1481,213,-358,17080,-910,-7070
13935,1481,213,-358,17080,-910,-7070
13940,1500,266,-307,10780,9800,-5460
13945,1500,266,-307,10780,9800,-5460
13950,1486,237,-299,3150,15260,-3220
13955,1486,237,-299,3150,15260,-3220
13960,1502,239,-286,-1260,14560,910
13965,1502,239,-286,-1260,14560,910
13970,1434,179,-342,-4690,13020,7910
13975,1434,179,-342,-5740,18480,8470
13980,1329,208,-297,-5740,18480,8470
13985,1209,262,-224,-6720,16170,7000
13990,1209,262,-224,-6720,16170,7000
13995,1009,223,-165,-8120,3290,6860
14000,1009,223,-165,-8120,3290,6860
14005,957,140,-196,-11970,-10710,1540
14010,957,140,-196,-11970,-10710,1540
14015,811,15,-231,-13930,-19810,-2100
14020,811,15,-231,-13930,-19810,-2100
14025,706,-72,-233,-12880,-27440,-7000
14030,706,-72,-233,-12880,-27440,-7000
14035,621,-136,-238,-11550,-35350,-11270
14040,621,-136,-238,-11550,-35350,-11270
14045,583,-188,-262,-10220,-43960,-13230
14050,583,-188,-262,-10220,-43960,-13230
14055,640,-233,-321,-5950,-51310,-15960
14060,640,-233,-321,-5950,-51310,-15960
14065,727,-225,-350,4830,-56350,-17010
14070,727,-225,-350,4830,-56350,-17010
14075,842,-148,-352,16520,-56980,-17780
14080,842,-148,-352,16520,-56980,-17780
14085,987,-16,-320,26110,-51660,-18690
14090,987,-16,-320,26110,-51660,-18690
14095,1116,136,-270,32270,-39830,-18270
14100,1116,136,-270,32270,-39830,-18270
14105,1188,262,-224,32830,-22820,-15610
14110,1188,262,-224,32830,-22820,-15610
14115,1176,318,-189,27580,-4410,-10430
14120,1176,318,-189,27580,-4410,-10430
14125,1121,319,-156,19180,11620,-4550
14130,1121,319,-156,19180,11620,-4550
14135,1052,297,-135,9940,23310,1540
14140,1052,297,-135,9940,23310,1540
14145,964,257,-116,840,30450,7840
14150,964,257,-116,840,30450,7840
14155,873,210,-82,-6370,31010,13860
14160,873,210,-82,-6370,31010,13860
14165,822,147,-63,-11410,24010,18970
14170,822,147,-63,-11410,24010,18970
14175,805,70,-71,-14210,10500,23800
14180,805,70,-71,-14210,10500,23800
14185,827,-2,-89,-13650,-6580,27090
14190,827,-2,-89,-13650,-6580,27090
14195,890,-57,-115,-11130,-21840,28280
14200,890,-57,-115,-11130,-21840,28280
14205,944,-105,-154,-8890,-29820,28280
14210,944,-105,-154,-8890,-29820,28280
14215,948,-142,-197,-6440,-29120,27510
14220,948,-142,-197,-3220,-22960,25620
14225,909,-152,-241,-3220,-22960,25620
14230,853,-135,-297,280,-15540,22820
14235,853,-135,-297,280,-15540,22820
14240,789,-82,-354,3780,-9030,20370
14245,789,-82,-354,3780,-9030,20370
14250,736,-29,-362,6860,-2380,18270
14255,736,-29,-362,6860,-2380,18270
14260,686,5,-314,10430,4130,16030
14265,686,5,-314,10430,4130,16030
14270,653,21,-241,14420,9310,13580
14275,653,21,-241,14420,9310,13580
14280,614,11,-167,18270,12320,11620
14285,614,11,-167,18270,12320,11620
14290,562,-30,-129,21490,11270,10500
14295,562,-30,-129,21490,11270,10500
14300,523,-92,-140,25620,6160,9660
14305,523,-92,-140,25620,6160,9660
14310,510,-133,-150,32550,-1400,9940
14315,510,-133,-150,32550,-1400,9940
14320,490,-135,-136,40320,-7980,11900
14325,490,-135,-136,40320,-7980,11900
14330,478,-72,-123,46410,-14630,13160
14335,478,-72,-123,46410,-14630,13160
14340,510,54,-105,50750,-22470,13300
14345,510,54,-105,50750,-22470,13300
14350,599,181,-79,51660,-30730,12810
14355,599,181,-79,51660,-30730,12810
14360,761,272,-65,48160,-38430,11550
14365,761,272,-65,48160,-38430,11550
14370,913,304,-105,41440,-42350,11410
14375,913,304,-105,41440,-42350,11410
14380,977,236,-207,34510,-39760,11130
14385,977,236,-207,34510,-39760,11130
14390,953,99,-301,28910,-29540,9800
14395,953,99,-301,28910,-29540,9800
14400,908,-20,-317,22960,-14980,7770
14405,908,-20,-317,22960,-14980,7770
14410,873,-103,-276,16940,420,4690
14415,873,-103,-276,16940,420,4690
14420,838,-122,-244,13860,14210,1120
14425,838,-122,-244,13860,14210,1120
14430,788,-73,-236,14350,24220,-1750
14435,788,-73,-236,14350,24220,-1750
14440,722,-5,-241,16030,28280,-2730
14445,722,-5,-241,16030,28280,-2730
14450,668,42,-258,19110,25130,-2100
14455,668,42,-258,19110,25130,-2100
14460,658,97,-230,24290,16730,-490
14465,658,97,-230,26320,7700,1890
14470,719,129,-198,26320,7700,1890
14475,854,151,-170,25550,1890,4550
14480,854,151,-170,25550,1890,4550
14485,1056,143,-165,23520,-140,5600
14490,1056,143,-165,23520,-140,5600
14495,1315,108,-252,18340,4620,4970
14500,1315,108,-252,18340,4620,4970
14505,1407,54,-399,14840,17850,4970
14510,1407,54,-399,14840,17850,4970
14515,1358,76,-494,13510,27370,0
14520,1358,76,-494,13510,27370,0
14525,1282,-81,-620,-280,28700,-4970
14530,1282,-81,-620,-280,28700,-4970
14535,1282,-306,-607,-5110,24570,-11760
14540,1282,-306,-607,-5110,24570,-11760
14545,1355,-385,-502,-1820,21840,-19250
14550,1355,-385,-502,-1820,21840,-19250
14555,1486,-386,-440,-5460,26180,-25410
14560,1486,-386,-440,-5460,26180,-25410
14565,1521,-356,-397,-10570,34720,-27720
14570,1521,-356,-397,-10570,34720,-27720
14575,1458,-298,-323,-11620,40390,-26530
14580,1458,-298,-323,-11620,40390,-26530
14585,1341,-200,-257,-11410,38990,-23170
14590,1341,-200,-257,-11410,38990,-23170
14595,1213,-86,-221,-12670,33320,-16800
14600,1213,-86,-221,-12670,33320,-16800
14605,1126,-4,-244,-12250,26950,-8890
14610,1126,-4,-244,-12250,26950,-8890
14615,1008,112,-244,-5460,20160,490
14620,1008,112,-244,-5460,20160,490
14625,905,173,-263,-910,11550,8120
14630,905,173,-263,-910,11550,8120
14635,1033,59,-225,210,-3780,7980
14640,1033,59,-225,210,-3780,7980
14645,1466,-151,-128,-1470,-23660,630
14650,1466,-151,-128,-1470,-23660,630
14655,1891,-372,-234,-8890,-37450,-8400
14660,1891,-372,-234,-8890,-37450,-8400
14665,1990,-517,-547,-13510,-38080,-15820
14670,1990,-517,-547,-13510,-38080,-15820
14675,1805,-427,-709,-10570,-20440,-17220
14680,1805,-427,-709,-10570,-20440,-17220
14685,1470,-302,-540,-10990,9660,-12040
14690,1470,-302,-540,-10990,9660,-12040
14695,1113,-254,-334,-16520,31360,-6860
14700,1113,-254,-334,-16520,35490,-3920
14705,793,-214,-214,-17080,35490,-3920
14710,793,-214,-137,-10150,22050,-2730
14715,592,-91,-137,-10150,22050,-2730
14720,559,42,-118,-2310,1190,-1470
14725,559,42,-118,-2310,1190,-1470
14730,612,177,-88,4550,-14910,2450
14735,612,177,-88,4550,-14910,2450
14740,660,205,-107,4760,-23730,8820
14745,660,205,-107,4760,-23730,8820
14750,686,145,-123,3150,-30310,15610
14755,686,145,-123,3150,-30310,15610
14760,737,17,-136,70,-39130,21350
14765,737,17,-136,70,-39130,21350
14770,807,-132,-176,-4900,-45290,24150
14775,807,-132,-176,-4900,-45290,24150
14780,864,-214,-188,-8050,-43680,23940
14785,864,-214,-188,-8050,-43680,23940
14790,858,-239,-181,-8610,-36470,21980
14795,858,-239,-181,-8610,-36470,21980
14800,832,-238,-180,-10010,-29540,18060
14805,832,-238,-180,-10010,-29540,18060
14810,793,-226,-187,-13370,-25480,13160
14815,793,-226,-187,-13370,-25480,13160
14820,792,-222,-192,-17360,-23380,7140
14825,792,-222,-192,-17360,-23380,7140
14830,764,-165,-150,-22400,-21770,1190
14835,764,-165,-150,-22400,-21770,1190
14840,727,-159,-137,-28350,-20860,-3220
14845,727,-159,-137,-28350,-20860,-3220
14850,769,-145,-132,-32620,-18760,-9240
14855,769,-145,-132,-32620,-18760,-9240
14860,959,-194,-181,-37030,-12320,-18970
14865,959,-194,-181,-37030,-12320,-18970
14870,1072,-226,-241,-37870,280,-26320
14875,1072,-226,-241,-37870,280,-26320
14880,1091,-214,-263,-33740,13160,-29820
14885,1091,-214,-263,-33740,13160,-29820
14890,1057,-160,-246,-27300,22680,-33250
14895,1057,-160,-246,-27300,22680,-33250
14900,1004,-95,-238,-22190,28910,-35490
14905,1004,-95,-238,-22190,28910,-35490
14910,906,-49,-235,-19600,32690,-35000
14915,906,-49,-235,-19600,32690,-35000
14920,782,-41,-203,-19320,33670,-31430
14925,782,-41,-203,-19320,33670,-31430
14930,655,-38,-149,-20650,31010,-25760
14935,655,-38,-149,-20650,31010,-25760
14940,528,-30,-112,-22890,24080,-19530
14945,528,-30,-112,-24290,13720,-14140
14950,389,-23,-109,-24290,13720,-14140
14955,278,-11,-103,-23380,1120,-11060
14960,278,-11,-103,-23380,1120,-11060
14965,199,9,-53,-21770,-13580,-10080
14970,199,9,-53,-21770,-13580,-10080
14975,254,-10,-61,-22890,-29750,-10570
14980,254,-10,-61,-22890,-29750,-10570
14985,398,108,-46,-28350,-40810,-12320
14990,398,108,-46,-28350,-40810,-12320
14995,408,59,-114,-37450,-51870,-8050
15000,408,59,-114,-37450,-51870,-8050
15005,553,-119,-262,-40740,-67480,-8260
15010,553,-119,-262,-40740,-67480,-8260
15015,773,-291,-333,-24570,-77490,-10640
15020,773,-291,-333,-24570,-77490,-10640
15025,955,-239,-270,4900,-76370,-12250
15030,955,-239,-270,4900,-76370,-12250
15035,1064,-182,-259,13510,-61670,-13230
15040,1064,-182,-259,13510,-61670,-13230
15045,1073,-205,-288,5390,-36400,-14280
15050,1073,-205,-288,5390,-36400,-14280
15055,1035,-251,-272,-3080,-8540,-18200
15060,1035,-251,-272,-3080,-8540,-18200
15065,989,-303,-201,-6580,14210,-25550
15070,989,-303,-201,-6580,14210,-25550
15075,983,-359,-128,-5250,28000,-34930
15080,983,-359,-128,-5250,28000,-34930
15085,1034,-337,-145,-1050,35140,-43540
15090,1034,-337,-145,-1050,35140,-43540
15095,1025,-285,-167,2870,40390,-45570
15100,1025,-285,-167,2870,40390,-45570
15105,991,-240,-178,4620,44520,-42770
15110,991,-240,-178,4620,44520,-42770
15115,984,-105,-211,5810,46550,-36610
15120,984,-105,-211,5810,46550,-36610
15125,988,180,-184,6230,48510,-27440
15130,988,180,-184,6230,48510,-27440
15135,1080,407,-198,1960,47950,-19250
15140,1080,407,-198,1960,47950,-19250
15145,1181,484,-299,-210,41510,-11340
15150,1181,484,-299,-210,41510,-11340
15155,1468,358,-487,-2380,32130,-5390
15160,1468,358,-487,-2380,32130,-5390
15165,1576,126,-563,4200,30800,5880
15170,1576,126,-563,4200,30800,5880
15175,1446,-134,-564,16660,28070,20930
15180,1446,-134,-564,16660,28070,20930
15185,1360,-313,-563,26950,15260,25410
15190,1360,-313,-563,36820,2170,21840
15195,1298,-344,-512,36820,2170,21840
15200,1190,-267,-487,45500,-4410,12740
15205,1190,-267,-487,45500,-4410,12740
15210,1126,-42,-457,50960,-7000,-2240
15215,1126,-42,-457,50960,-7000,-2240
15220,1193,212,-389,47040,-7210,-15470
15225,1193,212,-389,47040,-7210,-15470
15230,1392,382,-353,34720,-5250,-22960
15235,1392,382,-353,34720,-5250,-22960
15240,1549,455,-375,23310,1050,-23940
15245,1549,455,-375,23310,1050,-23940
15250,1608,470,-378,14140,10360,-18690
15255,1608,470,-378,14140,10360,-18690
15260,1644,422,-340,6230,17500,-8680
15265,1644,422,-340,6230,17500,-8680
15270,1619,362,-326,1890,21070,1890
15275,1619,362,-326,1890,21070,1890
15280,1454,340,-321,3360,21980,9310
15285,1454,340,-321,3360,21980,9310
15290,1191,302,-258,4620,18830,12740
15295,1191,302,-258,4620,18830,12740
15300,966,197,-159,-350,11690,11900
15305,966,197,-159,-350,11690,11900
15310,816,87,-80,-8750,3010,8540
15315,816,87,-80,-8750,3010,8540
15320,688,-67,-73,-15050,-6930,4410
15325,688,-67,-73,-15050,-6930,4410
15330,623,-156,-62,-14770,-17010,-1540
15335,623,-156,-62,-14770,-17010,-1540
15340,615,-196,-62,-11760,-28840,-5250
15345,615,-196,-62,-11760,-28840,-5250
15350,666,-217,-100,-8960,-40530,-6160
15355,666,-217,-100,-8960,-40530,-6160
15360,766,-192,-148,-5250,-49280,-5460
15365,766,-192,-148,-5250,-49280,-5460
15370,894,-116,-180,350,-53550,-4900
15375,894,-116,-180,350,-53550,-4900
15380,1034,0,-202,6930,-50540,-5390
15385,1034,0,-202,6930,-50540,-5390
15390,1130,109,-230,11410,-38780,-4480
15395,1130,109,-230,11410,-38780,-4480
15400,1156,165,-259,13300,-19600,-2660
15405,1156,165,-259,13300,-19600,-2660
15410,1142,175,-282,14840,-420,-1260
15415,1142,175,-282,14840,-420,-1260
15420,1086,151,-306,17640,13510,490
15425,1086,151,-306,17640,13510,490
15430,1005,129,-285,21630,22680,2590
15435,1005,129,-285,24500,27300,5180
15440,927,126,-217,24500,27300,5180
15445,862,131,-129,23730,28210,8540
15450,862,131,-129,23730,28210,8540
15455,830,123,-64,19810,25760,11760
15460,830,123,-64,19810,25760,11760
15465,819,103,-49,15750,21070,14630
15470,819,103,-49,15750,21070,14630
15475,813,77,-72,13860,15680,16450
15480,813,77,-72,13860,15680,16450
15485,817,58,-113,13370,9590,17150
15490,817,58,-113,13370,9590,17150
15495,844,34,-137,12530,4410,17220
15500,844,34,-137,12530,4410,17220
15505,868,7,-145,11130,2590,17710
15510,868,7,-145,11130,2590,17710
15515,858,18,-152,10640,3920,18550
15520,858,18,-152,10640,3920,18550
15525,830,74,-157,10920,6650,19320
15530,830,74,-157,10920,6650,19320
15535,796,132,-120,10430,9660,20370
15540,796,132,-120,10430,9660,20370
15545,765,173,-79,8190,11270,21560
15550,765,173,-79,8190,11270,21560
15555,719,175,-86,6160,11410,22190
15560,719,175,-86,6160,11410,22190
15565,655,140,-118,6160,10010,21980
15570,655,140,-118,6160,10010,21980
15575,581,79,-151,6860,6370,21420
15580,581,79,-151,6860,6370,21420
15585,530,9,-166,6370,350,20650
15590,530,9,-166,6370,350,20650
15595,523,-71,-163,4760,-7910,19250
15600,523,-71,-163,4760,-7910,19250
15605,590,-132,-172,3570,-16660,17360
15610,590,-132,-172,3570,-16660,17360
15615,704,-132,-170,4760,-21560,15960
15620,704,-132,-170,4760,-21560,15960
15625,812,-44,-133,7350,-21000,15050
15630,812,-44,-133,7350,-21000,15050
15635,879,81,-141,5950,-16940,14280
15640,879,81,-141,5950,-16940,14280
15645,860,160,-192,700,-9450,13860
15650,860,160,-192,700,-9450,13860
15655,773,160,-216,-4900,-1540,13720
15660,773,160,-216,-4900,-1540,13720
15665,667,109,-191,-8330,1470,13160
15670,667,109,-191,-8330,1470,13160
15675,602,51,-149,-9170,-1330,11620
15680,602,51,-149,-8610,-7000,10010
15685,597,5,-112,-8610,-7000,10010
15690,621,-38,-109,-7560,-13370,9170
15695,621,-38,-109,-7560,-13370,9170
15700,647,-74,-128,-3570,-19180,8260
15705,647,-74,-128,-3570,-19180,8260
15710,652,-107,-153,3080,-22680,7280
15715,652,-107,-153,3080,-22680,7280
15720,639,-146,-190,10150,-24570,6650
15725,639,-146,-190,10150,-24570,6650
15730,647,-156,-223,14910,-28630,6790
15735,647,-156,-223,14910,-28630,6790
15740,735,-156,-229,15960,-35140,7980
15745,735,-156,-229,15960,-35140,7980
15750,884,-124,-227,16030,-38920,9940
15755,884,-124,-227,16030,-38920,9940
15760,1047,-56,-240,18270,-35420,10360
15765,1047,-56,-240,18270,-35420,10360
15770,1234,24,-229,22190,-23940,7280
15775,1234,24,-229,22190,-23940,7280
15780,1384,124,-221,24710,-7070,3080
15785,1384,124,-221,24710,-7070,3080
15790,1418,114,-302,23660,9030,-910
15795,1418,114,-302,23660,9030,-910
15800,1330,112,-416,20440,21000,-8330
15805,1330,112,-416,20440,21000,-8330
15810,1154,-33,-500,8540,29120,-13720
15815,1154,-33,-500,8540,29120,-13720
15820,1156,-282,-493,980,33600,-20510
15825,1156,-282,-493,980,33600,-20510
15830,1225,-492,-460,5880,33600,-25830
15835,1225,-492,-460,5880,33600,-25830
15840,1365,-517,-390,15120,28210,-30240
15845,1365,-517,-390,15120,28210,-30240
15850,1468,-418,-322,14560,23100,-31500
15855,1468,-418,-322,14560,23100,-31500
15860,1479,-353,-395,5250,18830,-28770
15865,1479,-353,-395,5250,18830,-28770
15870,1399,-289,-511,-490,17850,-24150
15875,1399,-289,-511,-490,17850,-24150
15880,1254,-204,-460,4410,18620,-15750
15885,1254,-204,-460,4410,18620,-15750
15890,1174,-53,-291,13930,17080,-9520
15895,1174,-53,-291,13930,17080,-9520
15900,1072,181,-130,17920,13230,-3360
15905,1072,181,-130,17920,13230,-3360
15910,907,233,-118,10500,8190,2100
15915,907,233,-118,8960,-1540,-3220
15920,1021,122,-76,8960,-1540,-3220
15925,1389,122,31,9870,-17080,-14000
15930,1389,21,31,9870,-17080,-14000
15935,1690,-152,-172,3290,-37660,-22890
15940,1690,-152,-172,3290,-37660,-22890
15945,1799,-177,-463,1680,-50050,-27790
15950,1799,-177,-463,1680,-50050,-27790
15955,1801,-74,-448,3010,-35560,-24500
15960,1801,-74,-448,3010,-35560,-24500
15965,1532,-76,-194,-2240,-3850,-15120
15970,1532,-76,-194,-2240,-3850,-15120
15975,1271,-141,-23,-4410,14070,-4830
15980,1271,-141,-23,-4410,14070,-4830
15985,1063,-199,-32,-4830,18900,1330
15990,1063,-199,-32,-4830,18900,1330
15995,915,-247,-116,5740,11270,5250
16000,915,-247,-116,5740,11270,5250
16005,861,-136,-106,31150,-1540,6720
16010,861,-136,-106,31150,-1540,6720
16015,884,-5,-57,48650,-13790,7280
16020,884,-5,-57,48650,-13790,7280
16025,928,35,-49,51940,-23520,6020
16030,928,35,-49,51940,-23520,6020
16035,940,57,-49,50190,-31430,4060
16040,940,57,-49,50190,-31430,4060
16045,942,67,-57,43540,-36540,770
16050,942,67,-57,43540,-36540,770
16055,953,73,-79,34090,-37800,-3220
16060,953,73,-79,34090,-37800,-3220
16065,957,80,-107,24850,-34580,-5250
16070,957,80,-107,24850,-34580,-5250
16075,929,84,-129,16030,-28560,-3500
16080,929,84,-129,16030,-28560,-3500
16085,860,74,-135,7910,-22400,980
16090,860,74,-135,7910,-22400,980
16095,790,69,-151,1540,-19530,5110
16100,790,69,-151,1540,-19530,5110
16105,729,73,-170,-2450,-20160,7560
16110,729,73,-170,-2450,-20160,7560
16115,662,101,-165,-5810,-22680,8330
16120,662,101,-165,-5810,-22680,8330
16125,653,75,-182,-9660,-25270,8470
16130,653,75,-182,-9660,-25270,8470
16135,594,64,-138,-14630,-24850,8050
16140,594,64,-138,-14630,-24850,8050
16145,463,-6,-85,-20510,-26880,8540
16150,463,-6,-85,-20510,-26880,8540
16155,638,-36,-118,-27440,-31010,2870
16160,638,-36,-118,-39270,-18900,-5040
16165,897,-82,-259,-39270,-18900,-5040
16170,901,-173,-371,-45150,5740,-6370
16175,901,-173,-371,-45150,5740,-6370
16180,770,-213,-363,-38430,24990,-6440
16185,770,-213,-363,-38430,24990,-6440
16190,673,-195,-247,-28000,33040,-8680
16195,673,-195,-247,-28000,33040,-8680
16200,608,-127,-91,-24080,33110,-10290
16205,608,-127,-91,-24080,33110,-10290
16210,533,-92,-1,-31780,27440,-7630
16215,533,-92,-1,-31780,27440,-7630
16220,493,-105,-18,-41020,17570,-6580
16225,493,-105,-18,-41020,17570,-6580
16230,479,-150,-93,-43680,7000,-7910
16235,479,-150,-93,-43680,7000,-7910
16240,481,-167,-171,-39550,-1820,-9380
16245,481,-167,-171,-39550,-1820,-9380
16250,483,-144,-193,-31710,-8400,-9870
16255,483,-144,-193,-31710,-8400,-9870
16260,509,-111,-183,-26670,-12950,-10920
16265,509,-111,-183,-26670,-12950,-10920
16270,533,-100,-177,-25970,-16450,-12670
16275,533,-100,-177,-25970,-16450,-12670
16280,600,-81,-159,-25340,-21700,-15610
16285,600,-81,-159,-25340,-21700,-15610
16290,716,-117,-166,-24360,-28980,-18130
16295,716,-117,-166,-24360,-28980,-18130
16300,869,-145,-188,-17780,-34720,-19950
16305,869,-145,-188,-17780,-34720,-19950
16310,1001,-104,-207,-8540,-33740,-20510
16315,1001,-104,-207,-8540,-33740,-20510
16320,1061,-65,-235,-4620,-24640,-18060
16325,1061,-65,-235,-4620,-24640,-18060
16330,1026,-67,-259,-7210,-10640,-13650
16335,1026,-67,-259,-7210,-10640,-13650
16340,970,-106,-254,-10920,2310,-10640
16345,970,-106,-254,-10920,2310,-10640
16350,964,-154,-205,-12250,10220,-10010
16355,964,-154,-205,-12250,10220,-10010
16360,1033,-202,-145,-11270,12880,-11410
16365,1033,-202,-145,-11270,12880,-11410
16370,1197,-165,-115,-9660,14070,-14000
16375,1197,-165,-115,-9660,14070,-14000
16380,1396,-130,-178,-10640,21350,-16100
16385,1396,-130,-178,-10640,21350,-16100
16390,1562,-194,-358,-10150,35210,-16030
16395,1562,-194,-358,-10150,35210,-16030
16400,1571,-154,-511,-1680,48790,-13020
16405,1571,-154,-511,5530,56350,-7560
16410,1486,0,-520,5530,56350,-7560
16415,1396,94,-482,5040,60900,-210
16420,1396,94,-482,5040,60900,-210
16425,1216,163,-430,5110,61600,6230
16430,1216,163,-430,5110,61600,6230
16435,1071,275,-334,6230,52010,8610
16440,1071,275,-334,6230,52010,8610
16445,1100,365,-207,2380,32340,10080
16450,1100,365,-207,2380,32340,10080
16455,1239,359,-223,-5180,7140,12320
16460,1239,359,-223,-5180,7140,12320
16465,1415,291,-322,-8260,-12670,13860
16470,1415,291,-322,-8260,-12670,13860
16475,1461,199,-371,-6650,-19320,15540
16480,1461,199,-371,-6650,-19320,15540
16485,1348,109,-345,-5880,-16380,15610
16490,1348,109,-345,-5880,-16380,15610
16495,1130,34,-289,-9100,-10850,12880
16500,1130,34,-289,-9100,-10850,12880
16505,906,-13,-214,-14770,-8470,7000
16510,906,-13,-214,-14770,-8470,7000
16515,775,-30,-169,-21980,-11130,-1050
16520,775,-30,-169,-21980,-11130,-1050
16525,835,-14,-159,-31570,-13230,-7210
16530,835,-14,-159,-31570,-13230,-7210
16535,1193,50,-146,-43820,-12460,-7980
16540,1193,50,-146,-43820,-12460,-7980
16545,1732,148,-270,-45500,-16450,-5390
16550,1732,148,-270,-45500,-16450,-5390
16555,2131,323,-411,-27580,-20510,-420
16560,2131,323,-411,-27580,-20510,-420
16565,1991,428,-457,-14770,-8330,12180
16570,1991,428,-457,-14770,-8330,12180
16575,1353,318,-358,-21210,18830,24920
16580,1353,318,-358,-21210,18830,24920
16585,761,139,-160,-37170,35630,26320
16590,761,139,-160,-37170,35630,26320
16595,471,8,4,-47810,25480,18480
16600,471,8,4,-47810,25480,18480
16605,328,-144,30,-51660,-350,10710
16610,328,-144,30,-51660,-350,10710
16615,267,-321,-73,-50400,-27720,3290
16620,267,-321,-73,-50400,-27720,3290
16625,316,-441,-180,-42910,-53340,-4060
16630,316,-441,-180,-42910,-53340,-4060
16635,508,-483,-268,-31080,-78400,-9380
16640,508,-483,-268,-31080,-78400,-9380
16645,830,-455,-372,-14140,-100170,-13370
16650,830,-455,-372,5670,-107030,-16100
16655,1167,-312,-477,5670,-107030,-16100
16660,1392,-104,-513,20160,-87710,-15260
16665,1392,-104,-513,20160,-87710,-15260
16670,1453,88,-486,24780,-50260,-10640
16675,1453,88,-486,24780,-50260,-10640
16680,1370,204,-427,21420,-12110,-3500
16685,1370,204,-427,21420,-12110,-3500
16690,1204,243,-355,16170,17290,3780
16695,1204,243,-355,16170,17290,3780
16700,1042,248,-256,13370,37380,8750
16705,1042,248,-256,13370,37380,8750
16710,885,229,-145,12390,47670,12320
16715,885,229,-145,12390,47670,12320
16720,763,202,-44,12390,47110,14420
16725,763,202,-44,12390,47110,14420
16730,709,177,11,12390,36680,15960
16735,709,177,11,12390,36680,15960
16740,703,106,17,11690,20440,18130
16745,703,106,17,11690,20440,18130
16750,730,6,-20,11830,3290,20160
16755,730,6,-20,11830,3290,20160
16760,776,-91,-79,14630,-10080,20860
16765,776,-91,-79,14630,-10080,20860
16770,809,-137,-118,19530,-15680,20370
16775,809,-137,-118,19530,-15680,20370
16780,804,-145,-122,23800,-14770,19600
16785,804,-145,-122,23800,-14770,19600
16790,759,-145,-123,26180,-10290,18550
16795,759,-145,-123,26180,-10290,18550
16800,694,-123,-132,28840,-5460,17220
16805,694,-123,-132,28840,-5460,17220
16810,638,-41,-123,32200,-2450,15820
16815,638,-41,-123,32200,-2450,15820
16820,552,81,-96,33600,-1680,14840
16825,552,81,-96,33600,-1680,14840
16830,476,178,-60,32340,-4200,12460
16835,476,178,-60,32340,-4200,12460
16840,427,219,-49,29610,-8820,8540
16845,427,219,-49,29610,-8820,8540
16850,385,200,-77,27230,-14700,3710
16855,385,200,-77,27230,-14700,3710
16860,372,126,-131,25200,-22330,-1050
16865,372,126,-131,25200,-22330,-1050
16870,396,36,-163,21420,-31080,-3710
16875,396,36,-163,21420,-31080,-3710
16880,448,-46,-183,14700,-39690,-4410
16885,448,-46,-183,14700,-46270,-4060
16890,545,-110,-221,7140,-46270,-4060
16895,545,-110,-221,3640,-48720,-2030
16900,663,-107,-237,3640,-48720,-2030
16905,883,-17,-216,5460,-45430,-560
16910,883,-17,-216,5460,-45430,-560
16915,1044,63,-210,7210,-33880,1330
16920,1044,63,-210,7210,-33880,1330
16925,1113,74,-259,8890,-16310,3780
16930,1113,74,-259,8890,-16310,3780
16935,1019,23,-295,12950,5250,5670
16940,1019,23,-295,12950,5250,5670
16945,837,-41,-286,18340,22400,5950
16950,837,-41,-286,18340,22400,5950
16955,695,-80,-238,23030,29400,5880
16960,695,-80,-238,23030,29400,5880
16965,625,-65,-151,27090,26180,7350
16970,625,-65,-151,27090,26180,7350
16975,658,7,-82,31360,15330,9310
16980,658,7,-82,31360,15330,9310
16985,745,131,-85,36750,1120,10080
16990,745,131,-85,36750,1120,10080
16995,890,195,-182,39620,-11900,7630
17000,890,195,-182,39620,-11900,7630
17005,1143,173,-310,41370,-19880,3150
17010,1143,173,-310,41370,-19880,3150
17015,1455,200,-348,41650,-19810,-1260
17020,1455,200,-348,41650,-19810,-1260
17025,1644,163,-421,25480,-9170,-2870
17030,1644,163,-421,25480,-9170,-2870
17035,1657,-47,-577,-6860,11690,-4410
17040,1657,-47,-577,-6860,11690,-4410
17045,1566,-274,-619,-30240,37520,-9380
17050,1566,-274,-619,-30240,37520,-9380
17055,1414,-395,-558,-36960,60760,-15400
17060,1414,-395,-558,-36960,60760,-15400
17065,1168,-433,-486,-35490,72870,-18550
17070,1168,-433,-486,-35490,72870,-18550
17075,1010,-385,-414,-30100,63700,-19250
17080,1010,-385,-414,-30100,63700,-19250
17085,955,-332,-369,-22680,36470,-15750
17090,955,-332,-369,-22680,36470,-15750
17095,1059,-269,-349,-13790,3080,-10850
17100,1059,-269,-349,-13790,3080,-10850
17105,1226,-156,-394,-7770,-21210,-5250
17110,1226,-156,-394,-7770,-21210,-5250
17115,1337,-63,-439,-2310,-29260,140
17120,1337,-63,-439,-2310,-29260,140
17125,1389,-37,-418,6020,-25200,3220
17130,1389,-37,-418,14770,-15610,3010
17135,1417,-67,-368,14770,-15610,3010
17140,1385,-67,-356,18480,-7560,3010
17145,1385,-132,-356,18480,-7560,3010
17150,1385,-173,-377,15330,-3990,2170
17155,1385,-173,-377,15330,-3990,2170
17160,1428,-168,-398,8190,-2170,-770
17165,1428,-168,-398,8190,-2170,-770
17170,1480,-231,-443,2730,-3710,-5810
17175,1480,-231,-443,2730,-3710,-5810
17180,1564,-268,-439,2380,-8470,-9590
17185,1564,-268,-439,2380,-8470,-9590
17190,1579,-327,-393,1400,-6720,-8820
17195,1579,-327,-393,1400,-6720,-8820
17200,1418,-360,-272,7350,-280,-630
17205,1418,-360,-272,7350,-280,-630
17210,1093,-304,-112,14420,1610,7490
17215,1093,-304,-112,14420,1610,7490
17220,1146,-264,-128,13300,3500,3290
17225,1146,-264,-128,13300,3500,3290
17230,1047,-164,-130,15610,14700,-1750
17235,1047,-164,-130,15610,14700,-1750
17240,792,-44,-71,23030,18620,0
17245,792,-44,-71,23030,18620,0
17250,681,49,-69,27930,6930,1540
17255,681,49,-69,27930,6930,1540
17260,698,119,-72,32480,-13440,3150
17265,698,119,-72,32480,-13440,3150
17270,797,150,-71,34440,-31220,3990
17275,797,150,-71,34440,-31220,3990
17280,952,103,-95,29470,-41720,3850
17285,952,103,-95,29470,-41720,3850
17290,1043,-5,-139,20790,-42910,4410
17295,1043,-5,-139,20790,-42910,4410
17300,1084,-100,-192,12530,-36260,5250
17305,1084,-100,-192,12530,-36260,5250
17310,1041,-156,-208,6370,-24080,6300
17315,1041,-156,-208,6370,-24080,6300
17320,942,-180,-200,420,-11970,6580
17325,942,-180,-200,420,-11970,6580
17330,830,-170,-200,-6020,-3080,4830
17335,830,-170,-200,-6020,-3080,4830
17340,707,-143,-211,-10780,1330,2380
17345,707,-143,-211,-10780,1330,2380
17350,630,-87,-230,-13440,2030,-2240
17355,630,-87,-230,-13440,2030,-2240
17360,594,-49,-245,-15680,3430,-6720
17365,594,-49,-245,-15680,3430,-6720
17370,545,-34,-199,-15330,3780,-9590
17375,545,-34,-199,-14490,-910,-12460
17380,569,-6,-151,-14490,-910,-12460
17385,692,24,-162,-16520,-5670,-15610
17390,692,24,-162,-16520,-5670,-15610
17395,759,36,-195,-18270,-5740,-15960
17400,759,36,-195,-18270,-5740,-15960
17405,872,35,-245,-19320,-2940,-15890
17410,872,35,-245,-19320,-2940,-15890
17415,956,16,-289,-20650,4620,-15400
17420,956,16,-289,-20650,4620,-15400
17425,978,35,-267,-22680,15680,-13440
17430,978,35,-267,-22680,15680,-13440
17435,929,35,-228,-28770,26670,-11060
17440,929,35,-228,-28770,26670,-11060
17445,790,21,-152,-35770,33460,-7770
17450,790,21,-152,-35770,33460,-7770
17455,668,-4,-92,-40670,33530,-5600
17460,668,-4,-92,-40670,33530,-5600
17465,572,-7,-38,-42840,28700,-4410
17470,572,-7,-38,-42840,28700,-4410
17475,527,15,-12,-44520,20090,-4340
17480,527,15,-12,-44520,20090,-4340
17485,514,38,-26,-48230,9940,-3850
17490,514,38,-26,-48230,9940,-3850
17495,526,60,-81,-53130,140,-2450
17500,526,60,-81,-53130,140,-2450
17505,526,61,-137,-57540,-8260,0
17510,526,61,-137,-57540,-8260,0
17515,512,23,-175,-59920,-15960,1820
17520,512,23,-175,-59920,-15960,1820
17525,509,-54,-192,-60480,-24430,1610
17530,509,-54,-192,-60480,-24430,1610
17535,557,-180,-212,-58940,-33390,-910
17540,557,-180,-212,-58940,-33390,-910
17545,689,-322,-214,-52220,-38570,-5250
17550,689,-322,-214,-52220,-38570,-5250
17555,876,-417,-167,-41230,-37730,-10430
17560,876,-417,-167,-41230,-37730,-10430
17565,1076,-459,-142,-31920,-31640,-15400
17570,1076,-459,-142,-31920,-31640,-15400
17575,1185,-448,-211,-27580,-20160,-19180
17580,1185,-448,-211,-27580,-20160,-19180
17585,1157,-413,-336,-25340,-4060,-22680
17590,1157,-413,-336,-25340,-4060,-22680
17595,1025,-340,-356,-20860,14140,-25760
17600,1025,-340,-356,-20860,14140,-25760
17605,897,-235,-240,-14210,24500,-29120
17610,897,-235,-240,-14210,24500,-29120
17615,838,-155,-128,-10150,25620,-31780
17620,838,-155,-128,-9030,21980,-31710
17625,805,-122,-92,-9030,21980,-31710
17630,798,-133,-114,-8330,15820,-29680
17635,798,-133,-114,-8330,15820,-29680
17640,832,-135,-137,-4900,6720,-27510
17645,832,-135,-137,-4900,6720,-27510
17650,886,-98,-150,2240,-5460,-24220
17655,886,-98,-150,2240,-5460,-24220
17660,955,8,-151,8540,-15610,-19670
17665,955,8,-151,8540,-15610,-19670
17670,1051,68,-228,9240,-19110,-15260
17675,1051,68,-228,9240,-19110,-15260
17680,1146,20,-352,10640,-16800,-12390
17685,1146,20,-352,10640,-16800,-12390
17690,1322,-9,-416,17710,-12460,-11830
17695,1322,-9,-416,17710,-12460,-11830
17700,1452,-20,-405,24220,-3990,-9800
17705,1452,-20,-405,24220,-3990,-9800
17710,1466,-72,-411,24780,8890,-5880
17715,1466,-72,-411,24780,8890,-5880
17720,1385,-113,-477,23450,19880,-3430
17725,1385,-113,-477,23450,19880,-3430
17730,1235,-41,-510,23450,25270,-1540
17735,1235,-41,-510,23450,25270,-1540
17740,1102,154,-453,21490,26670,-630
17745,1102,154,-453,21490,26670,-630
17750,1046,333,-380,18760,24710,-1960
17755,1046,333,-380,18760,24710,-1960
17760,1016,476,-297,18550,16800,-3500
17765,1016,476,-297,18550,16800,-3500
17770,1115,496,-289,12040,70,-2870
17775,1115,496,-289,12040,70,-2870
17780,1278,343,-355,3710,-14840,-280
17785,1278,343,-355,3710,-14840,-280
17790,1381,184,-374,4270,-20440,3360
17795,1381,184,-374,4270,-20440,3360
17800,1396,100,-345,6020,-18130,7770
17805,1396,100,-345,6020,-18130,7770
17810,1491,75,-310,2030,-10640,10640
17815,1491,75,-310,2030,-10640,10640
17820,1696,69,-348,-4480,-840,9940
17825,1696,69,-348,-4480,-840,9940
17830,1852,63,-497,-1890,2520,7770
17835,1852,63,-497,-1890,2520,7770
17840,1787,104,-550,7560,-2450,11690
17845,1787,104,-550,7560,-2450,11690
17850,1490,65,-439,8680,2100,19460
17855,1490,65,-439,8680,2100,19460
17860,1092,15,-208,3990,18200,19320
17865,1092,15,-208,-1750,23520,10850
17870,736,8,-49,-1750,23520,10850
17875,554,-14,13,-7910,13650,-70
17880,554,-14,13,-7910,13650,-70
17885,500,-82,21,-13650,-1820,-9730
17890,500,-82,21,-13650,-1820,-9730
17895,480,-162,10,-17220,-17220,-15680
17900,480,-162,10,-17220,-17220,-15680
17905,529,-213,-42,-17010,-32760,-20090
17910,529,-213,-42,-17010,-32760,-20090
17915,633,-213,-97,-11340,-47180,-22260
17920,633,-213,-97,-11340,-47180,-22260
17925,769,-166,-145,-1680,-57750,-21770
17930,769,-166,-145,-1680,-57750,-21770
17935,925,-72,-178,8680,-62300,-19320
17940,925,-72,-178,8680,-62300,-19320
17945,1051,19,-210,16520,-58590,-14560
17950,1051,19,-210,16520,-58590,-14560
17955,1131,96,-229,22330,-47600,-8820
17960,1131,96,-229,22330,-47600,-8820
17965,1145,168,-218,27090,-33600,-2380
17970,1145,168,-218,27090,-33600,-2380
17975,1093,239,-190,28840,-20860,4550
17980,1093,239,-190,28840,-20860,4550
17985,1003,257,-192,24850,-9730,9730
17990,1003,257,-192,24850,-9730,9730
17995,907,186,-225,18620,0,13090
18000,907,186,-225,18620,0,13090
18005,798,86,-226,16940,5530,15890
18010,798,86,-226,16940,5530,15890
18015,752,9,-188,19950,4060,16940
18020,752,9,-188,19950,4060,16940
18025,743,-40,-160,23730,-2660,17640
18030,743,-40,-160,23730,-2660,17640
18035,765,-70,-160,26810,-10500,18130
18040,765,-70,-160,26810,-10500,18130
18045,785,-92,-162,28910,-15680,18200
18050,785,-92,-162,28910,-15680,18200
18055,802,-78,-168,31010,-16870,16520
18060,802,-78,-168,31010,-16870,16520
18065,793,-38,-175,31570,-14350,13720
18070,793,-38,-175,31570,-14350,13720
18075,745,-12,-185,28350,-9450,10920
18080,745,-12,-185,28350,-9450,10920
18085,682,-9,-196,23660,-3780,8680
18090,682,-9,-196,23660,-3780,8680
18095,599,-19,-203,20230,700,7000
18100,599,-19,-203,20090,1890,5880
18105,524,-50,-190,20090,1890,5880
18110,524,-50,-147,22610,-980,5180
18115,477,-70,-147,22610,-980,5180
18120,483,-23,-104,26320,-8050,4060
18125,483,-23,-104,26320,-8050,4060
18130,544,51,-98,29540,-18060,2520
18135,544,51,-98,29540,-18060,2520
18140,640,113,-138,30940,-27300,1260
18145,640,113,-138,30940,-27300,1260
18150,762,147,-177,30590,-31990,1260
18155,762,147,-177,30590,-31990,1260
18160,870,168,-194,27090,-30240,2940
18165,870,168,-194,27090,-30240,2940
18170,922,142,-212,20370,-22050,5600
18175,922,142,-212,20370,-22050,5600
18180,931,109,-230,16030,-9240,7840
18185,931,109,-230,16030,-9240,7840
18190,901,151,-206,17080,3150,8750
18195,901,151,-206,17080,3150,8750
18200,876,226,-180,19320,9870,8610
18205,876,226,-180,19320,9870,8610
18210,842,230,-176,18760,13510,9590
18215,842,230,-176,18760,13510,9590
18220,800,156,-154,16240,15120,11550
18225,800,156,-154,16240,15120,11550
18230,768,64,-106,14140,12740,13300
18235,768,64,-106,14140,12740,13300
18240,773,-1,-78,11900,6930,14140
18245,773,-1,-78,11900,6930,14140
18250,810,-31,-108,10360,840,14560
18255,810,-31,-108,10360,840,14560
18260,849,-50,-176,10290,-3290,14770
18265,849,-50,-176,10290,-3290,14770
18270,863,-53,-248,13160,-3780,14700
18275,863,-53,-248,13160,-3780,14700
18280,862,-49,-306,17850,-1960,12530
18285,862,-49,-306,17850,-1960,12530
18290,938,-111,-362,21000,70,8190
18295,938,-111,-362,21000,70,8190
18300,1150,-94,-305,24570,1400,3850
18305,1150,-94,-305,24570,1400,3850
18310,1445,11,-216,24010,2730,840
18315,1445,11,-216,24010,2730,840
18320,1659,59,-331,15470,7210,-1190
18325,1659,59,-331,15470,7210,-1190
18330,1686,78,-555,7350,15820,-4130
18335,1686,78,-555,7350,15820,-4130
18340,1532,75,-689,2730,23660,-8890
18345,1532,75,-689,-5110,27160,-13090
18350,1327,-6,-659,-5110,27160,-13090
18355,1194,-137,-534,-14420,25970,-15540
18360,1194,-137,-534,-14420,25970,-15540
18365,1130,-269,-451,-19460,20650,-15820
18370,1130,-269,-451,-19460,20650,-15820
18375,1102,-416,-445,-18900,10640,-13160
18380,1102,-416,-445,-18900,10640,-13160
18385,1147,-531,-513,-13230,-3080,-9450
18390,1147,-531,-513,-13230,-3080,-9450
18395,1226,-542,-569,-2450,-11130,-5740
18400,1226,-542,-569,-2450,-11130,-5740
18405,1270,-411,-541,11060,-11270,-2590
18410,1270,-411,-541,11060,-11270,-2590
18415,1265,-230,-440,19460,-7280,-1400
18420,1265,-230,-440,19460,-7280,-1400
18425,1264,-67,-337,19600,-3640,-3010
18430,1264,-67,-337,19600,-3640,-3010
18435,1246,-20,-312,13230,-1190,-4760
18440,1246,-20,-312,13230,-1190,-4760
18445,1187,-38,-309,9730,-910,-4480
18450,1187,-38,-309,9730,-910,-4480
18455,1175,-64,-296,5530,-2590,-3990
18460,1175,-64,-296,5530,-2590,-3990
18465,1137,-126,-293,-1260,-6790,-1610
18470,1137,-126,-293,-1260,-6790,-1610
18475,1231,-194,-286,-3710,-12600,140
18480,1231,-194,-286,-3710,-12600,140
18485,1253,-209,-276,-140,-13020,2310
18490,1253,-209,-276,-140,-13020,2310
18495,1083,-273,-270,5390,-8470,7630
18500,1083,-273,-270,5390,-8470,7630
18505,920,-269,-241,11550,-5670,10500
18510,920,-269,-241,11550,-5670,10500
18515,827,-208,-193,17500,-7630,11620
18520,827,-208,-193,17500,-7630,11620
18525,783,-167,-193,21070,-13370,12320
18530,783,-167,-193,21070,-13370,12320
18535,736,-116,-190,22330,-19250,12110
18540,736,-116,-190,22330,-19250,12110
18545,743,-84,-170,19740,-27020,10920
18550,743,-84,-170,19740,-27020,10920
18555,811,-98,-162,14140,-35350,9170
18560,811,-98,-162,14140,-35350,9170
18565,924,-105,-192,7210,-37310,6020
18570,924,-105,-192,7210,-37310,6020
18575,943,-64,-193,140,-30590,4200
18580,943,-64,-193,140,-30590,4200
18585,880,-29,-172,-7070,-23310,4480
18590,880,-29,-172,-15330,-18760,2870
18595,894,9,-151,-15330,-18760,2870
18600,853,-29,-161,-23380,-12320,1890
18605,853,-29,-161,-23380,-12320,1890
18610,819,-44,-149,-25340,-4760,-1750
18615,819,-44,-149,-25340,-4760,-1750
18620,733,-48,-136,-26810,2380,-5460
18625,733,-48,-136,-26810,2380,-5460
18630,625,-81,-111,-28280,5600,-7980
18635,625,-81,-111,-28280,5600,-7980
18640,551,-116,-89,-28280,3360,-11480
18645,551,-116,-89,-28280,3360,-11480
18650,515,-119,-79,-27650,-3220,-15050
18655,515,-119,-79,-27650,-3220,-15050
18660,528,-80,-88,-28700,-11620,-18550
18665,528,-80,-88,-28700,-11620,-18550
18670,599,-47,-125,-31850,-18550,-21840
18675,599,-47,-125,-31850,-18550,-21840
18680,700,-27,-169,-34720,-22260,-24990
18685,700,-27,-169,-34720,-22260,-24990
18690,816,-25,-221,-36610,-21560,-27090
18695,816,-25,-221,-36610,-21560,-27090
18700,894,-41,-269,-37800,-15610,-26880
18705,894,-41,-269,-37800,-15610,-26880
18710,922,-71,-309,-39060,-5530,-24220
18715,922,-71,-309,-39060,-5530,-24220
18720,875,-117,-336,-41370,6580,-19250
18725,875,-117,-336,-41370,6580,-19250
18730,782,-160,-326,-43190,17150,-13860
18735,782,-160,-326,-43190,17150,-13860
18740,672,-183,-290,-43890,23450,-9310
18745,672,-183,-290,-43890,23450,-9310
18750,575,-189,-247,-43050,24850,-6510
18755,575,-189,-247,-43050,24850,-6510
18760,510,-161,-212,-40180,21420,-6160
18765,510,-161,-212,-40180,21420,-6160
18770,473,-129,-220,-36750,14070,-7350
18775,473,-129,-220,-36750,14070,-7350
18780,485,-162,-260,-32340,4060,-9030
18785,485,-162,-260,-32340,4060,-9030
18790,585,-228,-264,-21490,-8610,-11480
18795,585,-228,-264,-21490,-8610,-11480
18800,753,-244,-214,-5040,-22470,-14210
18805,753,-244,-214,-5040,-22470,-14210
18810,964,-247,-170,7980,-31010,-17500
18815,964,-247,-170,7980,-31010,-17500
18820,1174,-296,-148,13510,-28420,-21280
18825,1174,-296,-148,13510,-28420,-21280
18830,1281,-352,-150,14280,-14070,-23940
18835,1281,-352,-150,13090,7630,-26180
18840,1255,-362,-188,13090,7630,-26180
18845,1101,-321,-220,12950,29120,-28280
18850,1101,-321,-220,12950,29120,-28280
18855,924,-227,-197,14490,42700,-30240
18860,924,-227,-197,14490,42700,-30240
18865,811,-122,-145,13860,46620,-31290
18870,811,-122,-145,13860,46620,-31290
18875,774,13,-95,10710,43820,-29610
18880,774,13,-95,10710,43820,-29610
18885,812,95,-137,5670,36470,-25130
18890,812,95,-137,5670,36470,-25130
18895,942,82,-320,3360,22680,-17850
18900,942,82,-320,3360,22680,-17850
18905,1139,125,-541,8260,2660,-7980
18910,1139,125,-541,8260,2660,-7980
18915,1369,306,-663,12950,-13020,3220
18920,1369,306,-663,12950,-13020,3220
18925,1456,385,-652,7840,-11480,14350
18930,1456,385,-652,7840,-11480,14350
18935,1387,236,-643,-1540,1540,18970
18940,1387,236,-643,-1540,1540,18970
18945,1253,58,-533,560,13790,14840
18950,1253,58,-533,560,13790,14840
18955,1201,-26,-365,5950,19040,5250
18960,1201,-26,-365,5950,19040,5250
18965,1219,-90,-345,2520,17990,-6160
18970,1219,-90,-345,2520,17990,-6160
18975,1331,-208,-550,-1750,16870,-18270
18980,1331,-208,-550,-1750,16870,-18270
18985,1446,-140,-592,7910,19740,-24290
18990,1446,-140,-592,7910,19740,-24290
18995,1631,11,-462,15050,29680,-20860
19000,1631,11,-462,15050,29680,-20860