10000,968,-39,-223,280,-3290,-1540
10005,968,-39,-223,280,-3290,-1540
10010,967,-35,-223,490,-2800,-1680
10015,967,-35,-223,490,-2800,-1680
10020,964,-38,-222,700,-2590,-1610
10025,964,-38,-222,700,-2590,-1610
10030,962,-38,-223,980,-2660,-1540
10035,962,-38,-223,980,-2660,-1540
10040,960,-37,-219,1120,-2730,-1470
10045,960,-37,-219,1120,-2730,-1470
10050,961,-36,-219,1120,-3010,-1470
10055,961,-36,-219,1120,-3010,-1470
10060,963,-35,-222,1120,-3220,-1610
10065,963,-35,-222,1120,-3220,-1610
10070,967,-34,-225,1190,-3360,-1610
10075,967,-34,-225,1190,-3360,-1610
10080,970,-33,-225,1400,-3220,-1540
10085,970,-33,-225,1400,-3220,-1540
10090,972,-32,-223,1400,-2940,-1470
10095,972,-32,-223,1190,-2450,-1330
10100,971,-30,-220,1190,-2450,-1330
10105,969,-32,-221,910,-2030,-1330
10110,969,-32,-221,910,-2030,-1330
10115,964,-31,-221,560,-1820,-1260
10120,964,-31,-221,560,-1820,-1260
10125,961,-30,-222,280,-1750,-1260
10130,961,-30,-222,280,-1750,-1260
10135,960,-30,-219,140,-1960,-1400
10140,960,-30,-219,140,-1960,-1400
10145,961,-29,-220,0,-2380,-1400
10150,961,-29,-220,0,-2380,-1400
10155,963,-29,-225,-140,-2450,-1330
10160,963,-29,-225,-140,-2450,-1330
10165,964,-29,-226,-350,-2380,-1260
10170,964,-29,-226,-350,-2380,-1260
10175,965,-28,-226,-560,-2310,-1190
10180,965,-28,-226,-560,-2310,-1190
10185,966,-28,-229,-980,-2310,-1120
10190,966,-28,-229,-980,-2310,-1120
10195,965,-30,-227,-1330,-2170,-1050
10200,965,-30,-227,-1330,-2170,-1050
10205,965,-28,-220,-1820,-2030,-910
10210,965,-28,-220,-1820,-2030,-910
10215,963,-28,-214,-2450,-1960,-630
10220,963,-28,-214,-2450,-1960,-630
10225,958,-29,-215,-3010,-1960,-490
10230,958,-29,-215,-3010,-1960,-490
10235,955,-27,-220,-3080,-2100,-420
10240,955,-27,-220,-3080,-2100,-420
10245,951,-28,-215,-2940,-2380,-350
10250,951,-28,-215,-2940,-2380,-350
10255,945,-25,-199,-3150,-2520,70
10260,945,-25,-199,-3150,-2520,70
10265,948,-20,-187,-3920,-3290,280
10270,948,-20,-187,-3920,-3290,280
10275,968,-34,-203,-4480,-5390,140
10280,968,-34,-203,-4480,-5390,140
10285,986,-53,-228,-3990,-7210,70
10290,986,-53,-228,-3990,-7210,70
10295,984,-68,-243,-3150,-7350,0
10300,984,-68,-243,-3150,-7350,0
10305,968,-77,-238,-2870,-6090,0
10310,968,-77,-238,-2870,-6090,0
10315,950,-88,-225,-2870,-4830,-280
10320,950,-88,-225,-2870,-4830,-280
10325,946,-95,-230,-1960,-4900,-770
10330,946,-95,-230,-350,-5810,-1050
10335,947,-87,-227,-350,-5810,-1050
10340,944,-87,-212,560,-6580,-1050
10345,944,-72,-212,560,-6580,-1050
10350,941,-71,-210,770,-7490,-1050
10355,941,-71,-210,770,-7490,-1050
10360,945,-81,-214,1610,-8680,-1190
10365,945,-81,-214,1610,-8680,-1190
10370,952,-83,-216,3430,-9520,-1540
10375,952,-83,-216,3430,-9520,-1540
10380,964,-84,-214,4760,-10010,-1750
10385,964,-84,-214,4760,-10010,-1750
10390,969,-96,-224,4970,-10290,-1540
10395,969,-96,-224,4970,-10290,-1540
10400,970,-110,-239,5390,-10710,-1400
10405,970,-110,-239,5390,-10710,-1400
10410,977,-107,-244,6230,-10780,-1610
10415,977,-107,-244,6230,-10780,-1610
10420,985,-103,-240,6580,-9660,-2030
10425,985,-103,-240,6580,-9660,-2030
10430,990,-113,-239,6720,-7490,-2520
10435,990,-113,-239,6720,-7490,-2520
10440,983,-119,-221,7560,-5180,-3220
10445,983,-119,-221,7560,-5180,-3220
10450,973,-119,-204,8470,-3850,-4060
10455,973,-119,-204,8470,-3850,-4060
10460,968,-123,-204,8890,-3360,-5110
10465,968,-123,-204,8890,-3360,-5110
10470,965,-117,-210,9240,-2800,-6300
10475,965,-117,-210,9240,-2800,-6300
10480,960,-93,-204,9310,-2310,-7490
10485,960,-93,-204,9310,-2310,-7490
10490,953,-64,-196,8400,-2310,-8260
10495,953,-64,-196,8400,-2310,-8260
10500,943,-35,-197,7350,-2940,-8610
10505,943,-35,-197,7350,-2940,-8610
10510,941,-18,-208,6160,-4550,-8610
10515,941,-18,-208,6160,-4550,-8610
10520,935,-10,-230,4620,-6580,-8610
10525,935,-10,-230,4620,-6580,-8610
10530,939,-8,-258,2800,-8470,-8330
10535,939,-8,-258,2800,-8470,-8330
10540,942,-2,-271,630,-9240,-7350
10545,942,-2,-271,630,-9240,-7350
10550,930,12,-275,-2100,-9170,-5740
10555,930,12,-275,-2100,-9170,-5740
10560,915,30,-276,-5600,-8540,-4200
10565,915,30,-276,-5600,-8540,-4200
10570,906,51,-265,-9380,-8260,-2870
10575,906,51,-265,-13160,-8470,-1750
10580,912,59,-254,-13160,-8470,-1750
10585,946,32,-265,-16870,-8260,-700
10590,946,32,-265,-16870,-8260,-700
10595,1027,30,-285,-20370,-4900,-1400
10600,1027,30,-285,-20370,-4900,-1400
10605,993,57,-267,-24990,-560,-1120
10610,993,57,-267,-24990,-560,-1120
10615,940,41,-274,-33460,-630,-420
10620,940,41,-274,-33460,-630,-420
10625,914,14,-287,-38710,-3570,0
10630,914,14,-287,-38710,-3570,0
10635,909,18,-243,-35070,-6790,490
10640,909,18,-243,-35070,-6790,490
10645,917,22,-197,-32200,-8820,1120
10650,917,22,-197,-32200,-8820,1120
10655,931,0,-186,-31290,-9940,1960
10660,931,0,-186,-31290,-9940,1960
10665,1011,-37,-221,-30450,-9030,1820
10670,1011,-37,-221,-30450,-9030,1820
10675,906,-43,-148,-22820,-7140,4970
10680,906,-43,-148,-22820,-7140,4970
10685,996,-47,-125,-22470,-10920,4760
10690,996,-47,-125,-22470,-10920,4760
10695,1159,-139,-219,-25130,-8050,-70
10700,1159,-139,-219,-25130,-8050,-70
10705,1162,-183,-184,-13020,1680,-1890
10710,1162,-183,-184,-13020,1680,-1890
10715,1120,-150,-107,420,7070,-4760
10720,1120,-150,-107,420,7070,-4760
10725,1085,-91,-66,6300,7770,-8540
10730,1085,-91,-66,6300,7770,-8540
10735,1069,-42,-59,5320,8050,-12180
10740,1069,-42,-59,5320,8050,-12180
10745,1027,-4,-62,2870,8610,-14490
10750,1027,-4,-62,2870,8610,-14490
10755,974,28,-63,910,7420,-15960
10760,974,28,-63,910,7420,-15960
10765,937,56,-77,-1120,3780,-16590
10770,937,56,-77,-1120,3780,-16590
10775,923,75,-83,-3150,-490,-16310
10780,923,75,-83,-3150,-490,-16310
10785,914,90,-83,-4970,-3850,-15540
10790,914,90,-83,-4970,-3850,-15540
10795,909,101,-79,-6160,-6930,-14700
10800,909,101,-79,-6160,-6930,-14700
10805,913,94,-87,-6860,-10570,-14070
10810,913,94,-87,-6860,-10570,-14070
10815,937,67,-106,-7070,-13440,-13650
10820,937,67,-106,-5950,-14490,-13160
10825,954,36,-124,-5950,-14490,-13160
10830,960,12,-136,-3640,-13440,-12250
10835,960,12,-136,-3640,-13440,-12250
10840,950,5,-140,-1190,-11690,-11060
10845,950,5,-140,-1190,-11690,-11060
10850,935,18,-131,980,-10850,-9660
10855,935,18,-131,980,-10850,-9660
10860,924,31,-116,2520,-11060,-8120
10865,924,31,-116,2520,-11060,-8120
10870,918,37,-113,3780,-11830,-6510
10875,918,37,-113,3780,-11830,-6510
10880,918,38,-113,4900,-13090,-4760
10885,918,38,-113,4900,-13090,-4760
10890,933,35,-120,5670,-14490,-3290
10895,933,35,-120,5670,-14490,-3290
10900,953,38,-126,6230,-15050,-2380
10905,953,38,-126,6230,-15050,-2380
10910,969,41,-134,5950,-14560,-1890
10915,969,41,-134,5950,-14560,-1890
10920,982,44,-132,5180,-13160,-1680
10925,982,44,-132,5180,-13160,-1680
10930,988,43,-126,4200,-11550,-1820
10935,988,43,-126,4200,-11550,-1820
10940,994,49,-121,3640,-10150,-2170
10945,994,49,-121,3640,-10150,-2170
10950,989,59,-119,2940,-8540,-2100
10955,989,59,-119,2940,-8540,-2100
10960,977,55,-121,1820,-6860,-1750
10965,977,55,-121,1820,-6860,-1750
10970,956,42,-115,910,-5600,-1260
10975,956,42,-115,910,-5600,-1260
10980,943,26,-111,490,-5320,-1050
10985,943,26,-111,490,-5320,-1050
10990,939,6,-117,1190,-5880,-1470
10995,939,6,-117,1190,-5880,-1470
11000,947,-2,-142,2310,-6510,-1960
11005,947,-2,-142,2310,-6510,-1960
11010,958,-10,-169,4060,-6020,-2310
11015,958,-10,-169,4060,-6020,-2310
11020,942,-1,-156,7560,-5390,-2380
11025,942,-1,-156,7560,-5390,-2380
11030,954,6,-150,9940,-6440,-2940
11035,954,6,-150,9940,-6440,-2940
11040,970,15,-159,12040,-8260,-3290
11045,970,15,-159,12040,-8260,-3290
11050,976,25,-176,14210,-9660,-2870
11055,976,25,-176,14210,-9660,-2870
11060,981,43,-187,16100,-11130,-2380
11065,981,43,-187,17570,-12180,-2100
11070,989,50,-193,17570,-12180,-2100
11075,1006,43,-193,18900,-12670,-2240
11080,1006,43,-193,18900,-12670,-2240
11085,1025,39,-194,20370,-12530,-2450
11090,1025,39,-194,20370,-12530,-2450
11095,1031,41,-192,21560,-11060,-2660
11100,1031,41,-192,21560,-11060,-2660
11105,1023,45,-188,22330,-8610,-3360
11110,1023,45,-188,22330,-8610,-3360
11115,1008,38,-183,22890,-6300,-4690
11120,1008,38,-183,22890,-6300,-4690
11125,967,29,-161,24080,-5110,-6370
11130,967,29,-161,24080,-5110,-6370
11135,980,39,-152,24570,-6230,-7980
11140,980,39,-152,24570,-6230,-7980
11145,1009,-5,-205,25410,-4900,-9730
11150,1009,-5,-205,25410,-4900,-9730
11155,1003,25,-215,32690,-1540,-10500
11160,1003,25,-215,32690,-1540,-10500
11165,1006,38,-247,38290,1120,-11340
11170,1006,38,-247,38290,1120,-11340
11175,1055,61,-210,44590,210,-12810
11180,1055,61,-210,44590,210,-12810
11185,1087,137,-259,47600,-8050,-15890
11190,1087,137,-259,47600,-8050,-15890
11195,1134,147,-369,43470,-19180,-19250
11200,1134,147,-369,43470,-19180,-19250
11205,1223,154,-363,36400,-19180,-20370
11210,1223,154,-363,36400,-19180,-20370
11215,1238,163,-301,29260,-5460,-19110
11220,1238,163,-301,29260,-5460,-19110
11225,1146,200,-250,23100,9380,-17780
11230,1146,200,-250,23100,9380,-17780
11235,1063,245,-208,15260,15680,-17080
11240,1063,245,-208,15260,15680,-17080
11245,1088,186,-236,7350,15050,-16310
11250,1088,186,-236,7350,15050,-16310
11255,1155,163,-267,8470,13370,-16100
11260,1155,163,-267,8470,13370,-16100
11265,1169,167,-286,11130,14070,-14910
11270,1169,167,-286,11130,14070,-14910
11275,1131,116,-262,10640,16870,-11830
11280,1131,116,-262,10640,16870,-11830
11285,1071,25,-224,11340,18480,-7840
11290,1071,25,-224,11340,18480,-7840
11295,1017,-52,-229,13930,17850,-4130
11300,1017,-52,-229,13930,17850,-420
11305,969,-89,-283,17640,16660,-420
11310,969,-89,-283,23730,17010,2660
11315,962,-80,-328,23730,17010,2660
11320,963,-52,-324,31640,19390,4970
11325,963,-52,-324,31640,19390,4970
11330,904,-15,-322,35280,20790,7280
11335,904,-15,-322,35280,20790,7280
11340,842,0,-348,33950,19250,8190
11345,842,0,-348,33950,19250,8190
11350,770,-29,-383,31710,15330,7980
11355,770,-29,-383,31710,15330,7980
11360,748,-60,-397,31710,9800,6160
11365,748,-60,-397,31710,9800,6160
11370,741,-88,-383,32270,4410,4200
11375,741,-88,-383,32270,4410,4200
11380,761,-113,-350,30940,-630,1750
11385,761,-113,-350,30940,-630,1750
11390,824,-156,-352,28070,-4480,-1330
11395,824,-156,-352,28070,-4480,-1330
11400,890,-165,-353,26250,-4270,-3500
11405,890,-165,-353,26250,-4270,-3500
11410,903,-178,-332,24920,-2170,-2310
11415,903,-178,-332,24920,-2170,-2310
11420,888,-184,-288,24010,-980,-1190
11425,888,-184,-288,24010,-980,-1190
11430,939,-180,-280,23030,-910,-2030
11435,939,-180,-280,23030,-910,-2030
11440,1061,-132,-310,21350,2450,-5460
11445,1061,-132,-310,21350,2450,-5460
11450,1108,-79,-337,19320,10080,-6650
11455,1108,-79,-337,19320,10080,-6650
11460,1006,-33,-326,19950,17150,-4200
11465,1006,-33,-326,19950,17150,-4200
11470,907,21,-284,22260,19040,-980
11475,907,21,-284,22260,19040,-980
11480,767,68,-213,23450,16730,1820
11485,767,68,-213,23450,16730,1820
11490,635,96,-133,23380,6720,4830
11495,635,96,-133,23380,6720,4830
11500,693,139,-98,19740,-8820,4060
11505,693,139,-98,19740,-8820,4060
11510,825,144,-130,12600,-20230,3570
11515,825,144,-130,12600,-20230,3570
11520,894,128,-159,7630,-24780,5180
11525,894,128,-159,7630,-24780,5180
11530,948,97,-165,6300,-26040,6790
11535,948,97,-165,6300,-26040,6790
11540,1008,68,-160,6160,-23940,7140
11545,1008,68,-160,5110,-18340,7140
11550,1036,28,-156,5110,-18340,7140
11555,1046,28,-161,2730,-11830,7070
11560,1046,-18,-161,2730,-11830,7070
11565,1040,-55,-161,-210,-5950,7490
11570,1040,-55,-161,-210,-5950,7490
11575,1013,-80,-151,-3500,560,8190
11580,1013,-80,-151,-3500,560,8190
11585,955,-91,-137,-6790,5460,8540
11590,955,-91,-137,-6790,5460,8540
11595,907,-86,-134,-9240,6160,7700
11600,907,-86,-134,-9240,6160,7700
11605,882,-52,-131,-10360,4270,6160
11610,882,-52,-131,-10360,4270,6160
11615,880,-24,-131,-10780,910,4760
11620,880,-24,-131,-10780,910,4760
11625,883,-2,-130,-10710,-3080,3640
11630,883,-2,-130,-10710,-3080,3640
11635,892,15,-123,-10780,-6860,3080
11640,892,15,-123,-10780,-6860,3080
11645,900,25,-115,-11270,-9520,2940
11650,900,25,-115,-11270,-9520,2940
11655,924,21,-108,-12180,-10640,2730
11660,924,21,-108,-12180,-10640,2730
11665,951,18,-102,-13440,-10290,2870
11670,951,18,-102,-13440,-10290,2870
11675,971,8,-97,-15190,-8680,3640
11680,971,8,-97,-15190,-8680,3640
11685,975,-3,-91,-17220,-6860,4480
11690,975,-3,-91,-17220,-6860,4480
11695,967,-13,-84,-18900,-5110,5040
11700,967,-13,-84,-18900,-5110,5040
11705,947,-11,-72,-20580,-3850,4970
11710,947,-11,-72,-20580,-3850,4970
11715,926,-8,-71,-22680,-4200,4760
11720,926,-8,-71,-22680,-4200,4760
11725,908,-6,-66,-25130,-6300,4690
11730,908,-6,-66,-25130,-6300,4690
11735,903,-24,-78,-27020,-9800,4340
11740,903,-24,-78,-27020,-9800,4340
11745,918,-58,-112,-26600,-14280,4060
11750,918,-58,-112,-26600,-14280,4060
11755,951,-83,-147,-24150,-19530,4480
11760,951,-83,-147,-24150,-19530,4480
11765,1006,-101,-181,-21350,-23450,6090
11770,1006,-101,-181,-21350,-23450,6090
11775,1057,-109,-203,-19180,-22820,8610
11780,1057,-109,-203,-19180,-22820,8610
11785,1085,-113,-208,-17220,-18130,11480
11790,1085,-113,-208,-14770,-11060,14000
11795,1069,-120,-205,-14770,-11060,14000
11800,1027,-116,-183,-11900,-3360,15610
11805,1027,-116,-183,-11900,-3360,15610
11810,979,-109,-154,-10010,3290,16380
11815,979,-109,-154,-10010,3290,16380
11820,939,-107,-130,-9520,7700,16730
11825,939,-107,-130,-9520,7700,16730
11830,916,-99,-104,-10780,9940,16450
11835,916,-99,-104,-10780,9940,16450
11840,911,-97,-86,-13790,10360,16030
11845,911,-97,-86,-13790,10360,16030
11850,913,-112,-77,-16940,10080,15540
11855,913,-112,-77,-16940,10080,15540
11860,920,-128,-78,-19530,9310,14980
11865,920,-128,-78,-19530,9310,14980
11870,942,-118,-60,-22120,8120,14700
11875,942,-118,-60,-22120,8120,14700
11880,990,-106,-39,-26250,7350,14560
11885,990,-106,-39,-26250,7350,14560
11890,1041,-99,-29,-29890,8470,14140
11895,1041,-99,-29,-29890,8470,14140
11900,1055,-81,-60,-31500,11270,13720
11905,1055,-81,-60,-31500,11270,13720
11910,1106,-86,-101,-31920,13650,12460
11915,1106,-86,-101,-31920,13650,12460
11920,1208,-216,-220,-31850,12600,12950
11925,1208,-216,-220,-31850,12600,12950
11930,1296,-410,-423,-25340,5670,15120
11935,1296,-410,-423,-25340,5670,15120
11940,1396,-533,-508,-9100,-5320,18200
11945,1396,-533,-508,-9100,-5320,18200
11950,1491,-514,-442,12600,-9870,21350
11955,1491,-514,-442,12600,-9870,21350
11960,1531,-401,-338,28840,-1750,22680
11965,1531,-401,-338,28840,-1750,22680
11970,1477,-255,-264,33880,13860,21420
11975,1477,-255,-264,33880,13860,21420
11980,1349,-102,-209,29890,30730,17360
11985,1349,-102,-209,29890,30730,17360
11990,1190,60,-122,18620,44870,11620
11995,1190,60,-122,18620,44870,11620
12000,1041,143,-66,2170,49560,5880
12005,1041,143,-66,2170,49560,5880
12010,961,131,-97,-13370,41440,840
12015,961,131,-97,-13370,41440,840
12020,947,62,-158,-23100,24850,-1960
12025,947,62,-158,-23100,24850,-1960
12030,955,-4,-220,-28140,7210,-2310
12035,955,-4,-220,-32760,-5460,-840
12040,930,-19,-299,-32760,-5460,-840
12045,894,-1,-400,-39480,-11620,980
12050,894,-1,-400,-39480,-11620,980
12055,861,37,-479,-46830,-12110,2450
12060,861,37,-479,-46830,-12110,2450
12065,850,80,-529,-51100,-8470,2730
12070,850,80,-529,-51100,-8470,2730
12075,894,75,-554,-49000,-1680,1610
12080,894,75,-554,-49000,-1680,1610
12085,948,155,-469,-42070,10150,-1890
12090,948,155,-469,-42070,10150,-1890
12095,878,176,-338,-37800,17290,-1750
12100,878,176,-338,-37800,17290,-1750
12105,747,53,-316,-40040,12950,1610
12110,747,53,-316,-40040,12950,1610
12115,761,-134,-349,-34160,3780,3360
12120,761,-134,-349,-34160,3780,3360
12125,795,-204,-315,-20790,70,700
12130,795,-204,-315,-20790,70,700
12135,815,-211,-296,-15610,-350,-2940
12140,815,-211,-296,-15610,-350,-2940
12145,925,-172,-302,-17360,-350,-9100
12150,925,-172,-302,-17360,-350,-9100
12155,807,-198,-292,-19530,1470,-9800
12160,807,-198,-292,-19530,1470,-9800
12165,762,-246,-267,-14630,280,-14070
12170,762,-246,-267,-14630,280,-14070
12175,706,-102,-172,-9940,-5810,-19040
12180,706,-102,-172,-9940,-5810,-19040
12185,696,-145,-251,-16030,-14070,-19810
12190,696,-145,-251,-16030,-14070,-19810
12195,760,-151,-276,-7770,-19950,-22610
12200,760,-151,-276,-7770,-19950,-22610
12205,841,-83,-249,4620,-19670,-24500
12210,841,-83,-249,4620,-19670,-24500
12215,865,-22,-235,10430,-15610,-23100
12220,865,-22,-235,10430,-15610,-23100
12225,868,-8,-237,11830,-11970,-20370
12230,868,-8,-237,11830,-11970,-20370
12235,877,-9,-241,11760,-8750,-18760
12240,877,-9,-241,11760,-8750,-18760
12245,868,-5,-218,12460,-4900,-18340
12250,868,-5,-218,12460,-4900,-18340
12255,882,6,-187,13650,-1750,-18900
12260,882,6,-187,13650,-1750,-18900
12265,895,23,-161,15330,-630,-19670
12270,895,23,-161,15330,-630,-19670
12275,938,39,-158,16870,-1610,-20300
12280,938,39,-158,17850,-2380,-19670
12285,962,62,-151,17850,-2380,-19670
12290,972,89,-141,17570,-1960,-18270
12295,972,89,-141,17570,-1960,-18270
12300,953,104,-131,16240,-1260,-16240
12305,953,104,-131,16240,-1260,-16240
12310,890,126,-105,14770,560,-14000
12315,890,126,-105,14770,560,-14000
12320,880,127,-73,13160,-770,-11550
12325,880,127,-73,13160,-770,-11550
12330,892,129,-71,11900,-3850,-9450
12335,892,129,-71,11900,-3850,-9450
12340,894,126,-74,10920,-5670,-6930
12345,894,126,-74,10920,-5670,-6930
12350,881,91,-75,10850,-6370,-4410
12355,881,91,-75,10850,-6370,-4410
12360,877,40,-80,12180,-8820,-2940
12365,877,40,-80,12180,-8820,-2940
12370,898,-8,-112,14210,-12740,-2660
12375,898,-8,-112,14210,-12740,-2660
12380,929,-54,-156,16450,-15960,-3080
12385,929,-54,-156,16450,-15960,-3080
12390,959,-100,-186,18690,-17010,-3710
12395,959,-100,-186,18690,-17010,-3710
12400,982,-127,-188,20790,-15820,-4620
12405,982,-127,-188,20790,-15820,-4620
12410,993,-127,-175,22540,-12740,-5530
12415,993,-127,-175,22540,-12740,-5530
12420,987,-92,-158,23520,-8190,-6020
12425,987,-92,-158,23520,-8190,-6020
12430,982,-26,-130,23450,-3010,-6300
12435,982,-26,-130,23450,-3010,-6300
12440,977,48,-111,22050,1120,-6790
12445,977,48,-111,22050,1120,-6790
12450,968,105,-113,19810,3990,-7210
12455,968,105,-113,19810,3990,-7210
12460,951,139,-120,18130,4550,-7490
12465,951,139,-120,18130,4550,-7490
12470,934,159,-122,17850,2240,-7700
12475,934,159,-122,17850,2240,-7700
12480,922,176,-114,17710,-1750,-7560
12485,922,176,-114,17710,-1750,-7560
12490,916,176,-121,16100,-6300,-7140
12495,916,176,-121,16100,-6300,-7140
12500,930,170,-125,13720,-10570,-6930
12505,930,170,-125,13720,-10570,-6930
12510,988,164,-133,10920,-13930,-7000
12515,988,164,-133,7350,-13720,-7910
12520,1070,183,-130,7350,-13720,-7910
12525,1070,183,-113,2730,-10500,-7980
12530,1099,192,-113,2730,-10500,-7980
12535,1074,177,-101,-1400,-7700,-6020
12540,1074,177,-101,-1400,-7700,-6020
12545,1067,157,-80,-2240,-6790,-3500
12550,1067,157,-80,-2240,-6790,-3500
12555,1094,135,-58,-630,-5880,-1610
12560,1094,135,-58,-630,-5880,-1610
12565,1093,90,-45,2380,-4060,770
12570,1093,90,-45,2380,-4060,770
12575,1094,18,-70,7700,-3220,1470
12580,1094,18,-70,7700,-3220,1470
12585,1149,-77,-118,15680,-3500,-490
12590,1149,-77,-118,15680,-3500,-490
12595,1238,-101,-133,24360,-4270,-3920
12600,1238,-101,-133,24360,-4270,-3920
12605,1250,-45,-251,28420,-10220,-8190
12610,1250,-45,-251,28420,-10220,-8190
12615,1265,52,-306,24150,-20160,-12880
12620,1265,52,-306,24150,-20160,-12880
12625,1368,197,-289,11410,-21560,-18550
12630,1368,197,-289,11410,-21560,-18550
12635,1454,257,-315,-4270,-8680,-23030
12640,1454,257,-315,-4270,-8680,-23030
12645,1404,208,-329,-14420,11620,-25690
12650,1404,208,-329,-14420,11620,-25690
12655,1239,115,-305,-17570,25760,-25970
12660,1239,115,-305,-17570,25760,-25970
12665,1189,19,-343,-17570,28700,-25830
12670,1189,19,-343,-17570,28700,-25830
12675,1094,-32,-361,-12390,28350,-21280
12680,1094,-32,-361,-12390,28350,-21280
12685,992,-75,-324,-5110,23800,-14910
12690,992,-75,-324,-5110,23800,-14910
12695,912,-124,-355,1050,13510,-9940
12700,912,-124,-355,1050,13510,-9940
12705,833,-152,-428,10080,2520,-6090
12710,833,-152,-428,10080,2520,-6090
12715,747,-185,-503,19670,-3850,-3290
12720,747,-185,-503,19670,-3850,-3290
12725,663,-236,-540,27860,-5810,-840
12730,663,-236,-540,27860,-5810,-840
12735,613,-240,-506,33670,-6930,770
12740,613,-240,-506,33670,-6930,770
12745,615,-196,-435,33600,-10710,210
12750,615,-196,-435,33600,-10710,210
12755,696,-146,-375,27930,-16800,-2730
12760,696,-146,-375,21630,-22120,-7350
12765,854,-117,-350,21630,-22120,-7350
12770,1041,-99,-371,19110,-23450,-11060
12775,1041,-99,-371,19110,-23450,-11060
12780,1180,-87,-409,21490,-17360,-12740
12785,1180,-87,-409,21490,-17360,-12740
12790,1211,-49,-406,26040,-3990,-11550
12795,1211,-49,-406,26040,-3990,-11550
12800,1132,-10,-340,28420,10220,-7280
12805,1132,-10,-340,28420,10220,-7280
12810,991,-8,-278,27370,19040,-1120
12815,991,-8,-278,27370,19040,-1120
12820,839,-41,-227,25270,22120,4480
12825,839,-41,-227,25270,22120,4480
12830,746,-59,-177,23800,18340,8400
12835,746,-59,-177,23800,18340,8400
12840,701,-47,-144,22120,9100,11200
12845,701,-47,-144,22120,9100,11200
12850,698,-29,-144,19740,-2240,13090
12855,698,-29,-144,19740,-2240,13090
12860,715,-5,-163,18130,-12460,14280
12865,715,-5,-163,18130,-12460,14280
12870,769,26,-168,17710,-20720,14560
12875,769,26,-168,17710,-20720,14560
12880,829,63,-186,17010,-26950,14770
12885,829,63,-186,17010,-26950,14770
12890,860,69,-214,15050,-30170,15540
12895,860,69,-214,15050,-30170,15540
12900,891,64,-214,12460,-29750,16310
12905,891,64,-214,12460,-29750,16310
12910,909,63,-198,9660,-27090,16730
12915,909,63,-198,9660,-27090,16730
12920,920,50,-190,5530,-23520,16800
12925,920,50,-190,5530,-23520,16800
12930,932,22,-189,1190,-18480,16590
12935,932,22,-189,1190,-18480,16590
12940,945,1,-194,-2310,-14000,16380
12945,945,1,-194,-2310,-14000,16380
12950,947,-8,-196,-5600,-9730,16380
12955,947,-8,-196,-5600,-9730,16380
12960,932,-24,-175,-9030,-4970,15820
12965,932,-24,-175,-9030,-4970,15820
12970,891,-42,-150,-12040,-350,14280
12975,891,-42,-150,-12040,-350,14280
12980,855,-61,-130,-14280,1750,12110
12985,855,-61,-130,-14280,1750,12110
12990,842,-79,-133,-14420,-210,9660
12995,842,-79,-133,-14420,-210,9660
13000,868,-87,-132,-12530,-4340,7280
13005,868,-87,-132,-10710,-7490,5810
13010,910,-86,-122,-10710,-7490,5810
13015,965,-99,-125,-10430,-8960,4690
13020,965,-99,-125,-10430,-8960,4690
13025,1020,-104,-136,-10500,-8610,3850
13030,1020,-104,-136,-10500,-8610,3850
13035,1049,-94,-140,-10360,-6370,3430
13040,1049,-94,-140,-10360,-6370,3430
13045,1043,-92,-136,-11480,-1890,3150
13050,1043,-92,-136,-11480,-1890,3150
13055,1001,-91,-109,-13720,3920,3150
13060,1001,-91,-109,-13720,3920,3150
13065,924,-84,-57,-17010,7770,3290
13070,924,-84,-57,-17010,7770,3290
13075,866,-75,-20,-21070,7840,2660
13080,866,-75,-20,-21070,7840,2660
13085,830,-35,11,-24640,4970,980
13090,830,-35,11,-24640,4970,980
13095,763,24,6,-28490,-1120,770
13100,763,24,6,-28490,-1120,770
13105,767,34,-30,-31220,-11830,1400
13110,767,34,-30,-31220,-11830,1400
13115,988,35,-147,-32060,-21280,-2380
13120,988,35,-147,-32060,-21280,-2380
13125,1153,34,-262,-34160,-18620,-1820
13130,1153,34,-262,-34160,-18620,-1820
13135,1198,-43,-327,-34440,-8330,1960
13140,1198,-43,-327,-34440,-8330,1960
13145,1162,-91,-320,-29330,420,5670
13150,1162,-91,-320,-29330,420,5670
13155,1125,-119,-279,-24780,6860,8750
13160,1125,-119,-279,-24780,6860,8750
13165,1073,-147,-219,-22610,11900,11060
13170,1073,-147,-219,-22610,11900,11060
13175,1016,-174,-147,-21630,14910,12530
13180,1016,-174,-147,-21630,14910,12530
13185,972,-189,-71,-21910,14910,13440
13190,972,-189,-71,-21910,14910,13440
13195,942,-208,-20,-24570,10990,14350
13200,942,-208,-20,-24570,10990,14350
13205,945,-224,-15,-27230,2590,14630
13210,945,-224,-15,-27230,2590,14630
13215,1000,-222,-45,-28000,-7840,14560
13220,1000,-222,-45,-28000,-7840,14560
13225,1072,-222,-84,-27440,-14490,13720
13230,1072,-222,-84,-27440,-14490,13720
13235,1133,-224,-95,-25550,-15750,11550
13240,1133,-224,-95,-25550,-15750,11550
13245,1177,-214,-75,-23170,-13650,8890
13250,1177,-214,-75,-21350,-9520,6300
13255,1196,-162,-27,-21350,-9520,6300
13260,1171,-110,1,-22330,-3080,4550
13265,1171,-110,1,-22330,-3080,4550
13270,1177,-45,4,-26110,2800,3430
13275,1177,-45,4,-26110,2800,3430
13280,1235,-92,-86,-31640,4410,3710
13285,1235,-92,-86,-31640,4410,3710
13290,1275,-229,-296,-32130,420,6160
13295,1275,-229,-296,-32130,420,6160
13300,1296,-345,-422,-24360,-5180,10080
13305,1296,-345,-422,-24360,-5180,10080
13310,1288,-401,-385,-8260,-4060,14770
13315,1288,-401,-385,-8260,-4060,14770
13320,1200,-346,-271,8680,4480,17290
13325,1200,-346,-271,8680,4480,17290
13330,1061,-260,-201,15260,12950,15750
13335,1061,-260,-201,15260,12950,15750
13340,993,-186,-206,13440,15680,10430
13345,993,-186,-206,13440,15680,10430
13350,969,-116,-245,9100,14000,6300
13355,969,-116,-245,9100,14000,6300
13360,965,-44,-326,4830,8190,3990
13365,965,-44,-326,4830,8190,3990
13370,964,32,-395,2800,490,2870
13375,964,32,-395,2800,490,2870
13380,947,122,-438,490,-4900,2450
13385,947,122,-438,490,-4900,2450
13390,869,218,-465,-6860,-3780,2310
13395,869,218,-465,-6860,-3780,2310
13400,745,255,-504,-18970,1680,1820
13405,745,255,-504,-18970,1680,1820
13410,626,216,-507,-28840,6510,490
13415,626,216,-507,-28840,6510,490
13420,576,110,-483,-31990,7420,-2170
13425,576,110,-483,-31990,7420,-2170
13430,578,-5,-441,-28910,3150,-4130
13435,578,-5,-441,-28910,3150,-4130
13440,662,-97,-411,-23450,-7910,-4060
13445,662,-97,-411,-23450,-7910,-4060
13450,798,-137,-419,-17430,-22820,-2100
13455,798,-137,-419,-17430,-22820,-2100
13460,958,-109,-436,-9870,-33320,-910
13465,958,-109,-436,-9870,-33320,-910
13470,1140,-106,-467,-2870,-31570,-1750
13475,1140,-106,-467,-2870,-31570,-1750
13480,1271,-3,-439,560,-13440,-5880
13485,1271,-3,-439,560,-13440,-7000
13490,1136,91,-329,-3430,10430,-7000
13495,1136,91,-329,-16730,23240,-7840
13500,919,37,-321,-16730,23240,-7840
13505,778,-53,-309,-17780,23310,-10500
13510,778,-53,-309,-17780,23310,-10500
13515,753,-45,-256,-8470,16520,-15400
13520,753,-45,-256,-8470,16520,-15400
13525,740,-59,-216,-4620,8820,-16520
13530,740,-59,-216,-4620,8820,-16520
13535,761,-120,-205,-3360,-980,-16030
13540,761,-120,-205,-3360,-980,-16030
13545,825,-159,-215,-210,-9730,-16520
13550,825,-159,-215,-210,-9730,-16520
13555,842,-203,-237,4060,-13230,-15330
13560,842,-203,-237,4060,-13230,-15330
13565,820,-201,-215,11760,-14210,-13930
13570,820,-201,-215,11760,-14210,-13930
13575,807,-146,-184,15330,-16240,-14000
13580,807,-146,-184,15330,-16240,-14000
13585,848,-155,-212,16170,-19180,-15680
13590,848,-155,-212,16170,-19180,-15680
13595,939,-99,-228,23100,-20440,-20020
13600,939,-99,-228,23100,-20440,-20020
13605,996,-15,-227,28420,-16800,-22820
13610,996,-15,-227,28420,-16800,-22820
13615,1003,51,-219,28700,-11130,-23100
13620,1003,51,-219,28700,-11130,-23100
13625,986,84,-211,26180,-6090,-22400
13630,986,84,-211,26180,-6090,-22400
13635,967,85,-202,23380,-3290,-21630
13640,967,85,-202,23380,-3290,-21630
13645,940,87,-187,21210,-1890,-20930
13650,940,87,-187,21210,-1890,-20930
13655,902,70,-183,19180,-2310,-19740
13660,902,70,-183,19180,-2310,-19740
13665,859,41,-175,18410,-3850,-17920
13670,859,41,-175,18410,-3850,-17920
13675,834,8,-164,18830,-5740,-15400
13680,834,8,-164,18830,-5740,-15400
13685,821,-31,-145,20930,-7770,-13090
13690,821,-31,-145,20930,-7770,-13090
13695,841,-56,-131,24990,-9730,-11900
13700,841,-56,-131,24990,-9730,-11900
13705,863,-46,-134,29890,-11410,-11130
13710,863,-46,-134,29890,-11410,-11130
13715,880,-16,-160,33670,-13160,-10220
13720,880,-16,-160,33670,-13160,-10220
13725,897,17,-176,35980,-14630,-9520
13730,897,17,-176,36890,-15890,-8960
13735,915,56,-175,36890,-15890,-8960
13740,933,56,-159,35910,-16030,-8400
13745,933,78,-159,35910,-16030,-8400
13750,953,80,-137,33810,-14280,-7980
13755,953,80,-137,33810,-14280,-7980
13760,985,63,-138,31990,-10430,-7910
13765,985,63,-138,31990,-10430,-7910
13770,987,55,-145,31710,-5320,-7070
13775,987,55,-145,31710,-5320,-7070
13780,965,63,-152,32270,-1120,-5880
13785,965,63,-152,32270,-1120,-5880
13790,927,84,-143,32410,490,-4480
13795,927,84,-143,32410,490,-4480
13800,903,84,-138,31780,-770,-3500
13805,903,84,-138,31780,-770,-3500
13810,913,70,-137,32200,-4970,-3430
13815,913,70,-137,32200,-4970,-3430
13820,937,79,-144,33250,-10850,-3850
13825,937,79,-144,33250,-10850,-3850
13830,963,93,-166,33460,-16030,-3780
13835,963,93,-166,33460,-16030,-3780
13840,976,115,-174,32060,-18550,-3150
13845,976,115,-174,32060,-18550,-3150
13850,997,98,-196,28980,-19040,-3080
13855,997,98,-196,28980,-19040,-3080
13860,1053,71,-228,27160,-18340,-3710
13865,1053,71,-228,27160,-18340,-3710
13870,1107,56,-235,27300,-15680,-3850
13875,1107,56,-235,27300,-15680,-3850
13880,1132,66,-205,27580,-11970,-3430
13885,1132,66,-205,27580,-11970,-3430
13890,1146,64,-183,24570,-8680,-3430
13895,1146,64,-183,24570,-8680,-3430
13900,1155,53,-158,20300,-6020,-4830
13905,1155,53,-158,20300,-6020,-4830
13910,1175,71,-130,16100,-3570,-7350
13915,1175,71,-130,16100,-3570,-7350
13920,1186,85,-131,10850,-210,-9730
13925,1186,85,-131,10850,-210,-9730
13930,1163,75,-124,7420,4480,-11760
13935,1163,75,-124,7420,4480,-11760
13940,1114,41,-102,8120,6790,-13580
13945,1114,41,-102,8120,6790,-13580
13950,1074,22,-79,13090,5460,-15330
13955,1074,22,-79,13090,5460,-15330
13960,1067,10,-117,18480,2590,-17150
13965,1067,10,-117,18480,2590,-17150
13970,1181,-1,-133,23310,140,-19880
13975,1181,-1,-133,26600,-2240,-21770
13980,1262,149,-166,26600,-2240,-21770
13985,1301,184,-341,20720,-8470,-24360
13990,1301,184,-341,20720,-8470,-24360
13995,1363,215,-371,13860,-11970,-26950
14000,1363,215,-371,13860,-11970,-26950
14005,1420,337,-321,6440,-2730,-28560
14010,1420,337,-321,6440,-2730,-28560
14015,1375,385,-323,-6440,15400,-27790
14020,1375,385,-323,-6440,15400,-27790
14025,1275,328,-339,-19110,31710,-25270
14030,1275,328,-339,-19110,31710,-25270
14035,1168,211,-385,-25130,39060,-21630
14040,1168,211,-385,-25130,39060,-21630
14045,1010,51,-469,-24290,38710,-16590
14050,1010,51,-469,-24290,38710,-16590
14055,821,-104,-505,-19460,34790,-11130
14060,821,-104,-505,-19460,34790,-11130
14065,671,-246,-485,-13090,27440,-7210
14070,671,-246,-485,-13090,27440,-7210
14075,588,-350,-446,-6160,16730,-5040
14080,588,-350,-446,-6160,16730,-5040
14085,565,-393,-420,0,5390,-3990
14090,565,-393,-420,0,5390,-3990
14095,617,-392,-429,5670,-3640,-3780
14100,617,-392,-429,5670,-3640,-3780
14105,721,-341,-433,12250,-6720,-3990
14110,721,-341,-433,12250,-6720,-3990
14115,846,-224,-405,18830,-5460,-5040
14120,846,-224,-405,18830,-5460,-5040
14125,972,-84,-388,22260,-2450,-6510
14130,972,-84,-388,22260,-2450,-6510
14135,1065,12,-393,21420,2310,-7770
14140,1065,12,-393,21420,2310,-7770
14145,1114,65,-393,18550,8820,-8400
14150,1114,65,-393,18550,8820,-8400
14155,1080,76,-355,16380,17010,-7350
14160,1080,76,-355,16380,17010,-7350
14165,981,50,-286,14630,24500,-4970
14170,981,50,-286,14630,24500,-4970
14175,848,5,-222,12530,27300,-1470
14180,848,5,-222,12530,27300,-1470
14185,719,-64,-180,10360,23170,2520
14190,719,-64,-180,10360,23170,2520
14195,662,-145,-176,8330,11900,6300
14200,662,-145,-176,8330,11900,6300
14205,682,-204,-193,7700,-3010,9450
14210,682,-204,-193,7700,-3010,9450
14215,774,-194,-213,9660,-17640,11830
14220,774,-194,-213,12530,-28000,13090
14225,892,-146,-237,12530,-28000,13090
14230,990,-92,-254,14490,-29820,12460
14235,990,-92,-254,14490,-29820,12460
14240,1051,-19,-259,15890,-24640,10360
14245,1051,-19,-259,15890,-24640,10360
14250,1056,61,-251,16310,-15820,9170
14255,1056,61,-251,16310,-15820,9170
14260,1016,119,-237,13930,-6440,9660
14265,1016,119,-237,13930,-6440,9660
14270,967,150,-225,9590,-350,11550
14275,967,150,-225,9590,-350,11550
14280,916,153,-213,5180,2520,14630
14285,916,153,-213,5180,2520,14630
14290,861,126,-189,840,3570,17640
14295,861,126,-189,840,3570,17640
14300,841,80,-162,-3850,1750,19460
14305,841,80,-162,-3850,1750,19460
14310,853,42,-143,-8400,-1680,20370
14315,853,42,-143,-8400,-1680,20370
14320,873,8,-127,-12320,-3640,21000
14325,873,8,-127,-12320,-3640,21000
14330,886,-15,-122,-15750,-5390,21140
14335,886,-15,-122,-15750,-5390,21140
14340,901,-38,-139,-19250,-6790,20160
14345,901,-38,-139,-19250,-6790,20160
14350,899,-66,-151,-21980,-5950,18550
14355,899,-66,-151,-21980,-5950,18550
14360,879,-103,-165,-22050,-3920,17150
14365,879,-103,-165,-22050,-3920,17150
14370,874,-87,-154,-20580,-3430,15120
14375,874,-87,-154,-20580,-3430,15120
14380,893,-79,-163,-21350,-1820,13370
14385,893,-79,-163,-21350,-1820,13370
14390,852,-61,-132,-21000,1050,12950
14395,852,-61,-132,-21000,1050,12950
14400,821,-67,-113,-22610,2520,11340
14405,821,-67,-113,-22610,2520,11340
14410,818,-106,-116,-24920,3220,8260
14415,818,-106,-116,-24920,3220,8260
14420,800,-148,-96,-25410,3290,4830
14425,800,-148,-96,-25410,3290,4830
14430,808,-180,-79,-24780,1190,2170
14435,808,-180,-79,-24780,1190,2170
14440,851,-202,-85,-25970,-1050,-1400
14445,851,-202,-85,-25970,-1050,-1400
14450,837,-183,-97,-28490,-1540,-3920
14455,837,-183,-97,-28490,-1540,-3920
14460,827,-171,-84,-28070,-3640,-4620
14465,827,-171,-84,-26600,-5250,-8610
14470,936,-78,-66,-26600,-5250,-8610
14475,957,21,-39,-30380,-4270,-9240
14480,957,21,-39,-30380,-4270,-9240
14485,982,58,-45,-37240,-5950,-8610
14490,982,58,-45,-37240,-5950,-8610
14495,1024,55,-106,-42350,-8890,-7490
14500,1024,55,-106,-42350,-8890,-7490
14505,1033,2,-168,-42280,-11410,-3850
14510,1033,2,-168,-42280,-11410,-3850
14515,1075,-42,-188,-37660,-13580,-420
14520,1075,-42,-188,-37660,-13580,-420
14525,1093,-106,-189,-31570,-14770,4480
14530,1093,-106,-189,-31570,-14770,4480
14535,1093,-168,-206,-24990,-16450,8470
14540,1093,-168,-206,-24990,-16450,8470
14545,1108,-199,-203,-17920,-18340,10290
14550,1108,-199,-203,-17920,-18340,10290
14555,1124,-198,-178,-11550,-18620,11060
14560,1124,-198,-178,-11550,-18620,11060
14565,1142,-170,-148,-7980,-16940,12040
14570,1142,-170,-148,-7980,-16940,12040
14575,1166,-167,-130,-7910,-13370,12600
14580,1166,-167,-130,-7910,-13370,12600
14585,1196,-192,-132,-8400,-9520,12320
14590,1196,-192,-132,-8400,-9520,12320
14595,1225,-207,-113,-7280,-5530,11340
14600,1225,-207,-113,-7280,-5530,11340
14605,1231,-213,-101,-6300,-1120,10290
14610,1231,-213,-101,-6300,-1120,10290
14615,1203,-191,-80,-6440,3360,9520
14620,1203,-191,-80,-6440,3360,9520
14625,1138,-170,-32,-8540,7980,8890
14630,1138,-170,-32,-8540,7980,8890
14635,1075,-146,15,-11550,11620,7420
14640,1075,-146,15,-11550,11620,7420
14645,1047,-84,41,-13860,13020,5670
14650,1047,-84,41,-13860,13020,5670
14655,1119,-3,43,-17640,11200,4690
14660,1119,-3,43,-17640,11200,4690
14665,1241,-65,-141,-21490,4690,6650
14670,1241,-65,-141,-21490,4690,6650
14675,1307,-139,-360,-20650,-2310,9870
14680,1307,-139,-360,-20650,-2310,9870
14685,1312,-247,-486,-12740,-7000,14000
14690,1312,-247,-486,-12740,-7000,14000
14695,1280,-347,-491,6090,-4900,16590
14700,1280,-347,-491,6090,5740,13860
14705,1205,-336,-415,23310,5740,13860
14710,1205,-336,-415,29400,16800,8120
14715,1099,-246,-358,29400,16800,8120
14720,1002,-132,-347,25340,25410,3150
14725,1002,-132,-347,25340,25410,3150
14730,882,-21,-382,15750,29400,700
14735,882,-21,-382,15750,29400,700
14740,760,95,-427,6020,24500,-980
14745,760,95,-427,6020,24500,-980
14750,694,148,-459,-1190,14490,-2100
14755,694,148,-459,-1190,14490,-2100
14760,667,187,-455,-3920,6020,-1260
14765,667,187,-455,-3920,6020,-1260
14770,655,226,-425,-4480,1050,910
14775,655,226,-425,-4480,1050,910
14780,664,232,-363,-5880,-2870,3150
14785,664,232,-363,-5880,-2870,3150
14790,733,165,-321,-9800,-8610,4200
14795,733,165,-321,-9800,-8610,4200
14800,883,36,-360,-15400,-14420,4200
14805,883,36,-360,-15400,-14420,4200
14810,1082,-47,-404,-19320,-11620,2380
14815,1082,-47,-404,-19320,-11620,2380
14820,1078,-80,-387,-21280,-3220,1540
14825,1078,-80,-387,-21280,-3220,1540
14830,1012,-119,-420,-22610,280,-560
14835,1012,-119,-420,-22610,280,-560
14840,993,-153,-418,-12950,490,-4900
14845,993,-153,-418,-12950,490,-4900
14850,1029,-70,-324,2940,3010,-11830
14855,1029,-70,-324,2940,3010,-11830
14860,1004,57,-265,6510,9590,-16520
14865,1004,57,-265,6510,9590,-16520
14870,818,34,-236,1330,14140,-13580
14875,818,34,-236,1330,14140,-13580
14880,758,13,-190,840,9310,-14070
14885,758,13,-190,840,9310,-14070
14890,720,29,-155,-5250,2380,-13440
14895,720,29,-155,-5250,2380,-13440
14900,712,-124,-212,-11270,-3710,-11480
14905,712,-124,-212,-11270,-3710,-11480
14910,767,-189,-185,-1540,-10010,-13580
14915,767,-189,-185,-1540,-10010,-13580
14920,809,-194,-166,8400,-15190,-15120
14925,809,-194,-166,8400,-15190,-15120
14930,813,-196,-169,13300,-18970,-15120
14935,813,-196,-169,13300,-18970,-15120
14940,836,-206,-192,15960,-22820,-15610
14945,836,-206,-192,19460,-25060,-16800
14950,878,-196,-211,19460,-25060,-16800
14955,933,-196,-207,24360,-24430,-18550
14960,933,-159,-207,24360,-24430,-18550
14965,980,-95,-185,28560,-19740,-20020
14970,980,-95,-185,28560,-19740,-20020
14975,1002,-20,-166,30940,-13300,-21000
14980,1002,-20,-166,30940,-13300,-21000
14985,997,60,-143,31780,-8400,-21000
14990,997,60,-143,31780,-8400,-21000
14995,967,119,-118,30240,-5670,-19530
15000,967,119,-118,30240,-5670,-19530
15005,935,140,-118,27580,-5040,-17360
15010,935,140,-118,27580,-5040,-17360
15015,899,132,-120,25830,-3780,-14560
15020,899,132,-120,25830,-3780,-14560
15025,864,116,-101,25970,-1820,-11200
15030,864,116,-101,25970,-1820,-11200
15035,827,90,-87,27230,-1610,-7840
15040,827,90,-87,27230,-1610,-7840
15045,796,57,-89,29470,-5320,-4900
15050,796,57,-89,29470,-5320,-4900
15055,782,29,-91,31640,-11760,-3010
15060,782,29,-91,31640,-11760,-3010
15065,798,15,-91,32060,-18550,-1820
15070,798,15,-91,32060,-18550,-1820
15075,841,-7,-101,30310,-23660,-1050
15080,841,-7,-101,30310,-23660,-1050
15085,904,-31,-122,28840,-25830,-490
15090,904,-31,-122,28840,-25830,-490
15095,956,-33,-140,28560,-24710,140
15100,956,-33,-140,28560,-24710,140
15105,993,-12,-165,29050,-21210,-280
15110,993,-12,-165,29050,-21210,-280
15115,1038,16,-207,28280,-15890,-1400
15120,1038,16,-207,28280,-15890,-1400
15125,1058,43,-227,27440,-9100,-2030
15130,1058,43,-227,27440,-9100,-2030
15135,1056,60,-208,27720,-2380,-2800
15140,1056,60,-208,27720,-2380,-2800
15145,1023,59,-185,28280,2940,-3850
15150,1023,59,-185,28280,2940,-3850
15155,961,43,-176,28350,5180,-4830
15160,961,43,-176,28350,5180,-4830
15165,899,18,-167,28140,3640,-5880
15170,899,18,-167,28140,3640,-5880
15175,874,-11,-160,27720,-980,-6860
15180,874,-11,-160,27720,-980,-6860
15185,871,-29,-154,27160,-6510,-7490
15190,871,-29,-154,26320,-12250,-8400
15195,894,-31,-162,26320,-12250,-8400
15200,951,-15,-168,25550,-16380,-9520
15205,951,-15,-168,25550,-16380,-9520
15210,1033,20,-167,26040,-18410,-10570
15215,1033,20,-167,26040,-18410,-10570
15220,1107,77,-167,27370,-17920,-12110
15225,1107,77,-167,27370,-17920,-12110
15230,1182,123,-180,28000,-14630,-13370
15235,1182,123,-180,28000,-14630,-13370
15240,1263,151,-196,27720,-7420,-15820
15245,1263,151,-196,27720,-7420,-15820
15250,1257,159,-192,26740,1540,-15960
15255,1257,159,-192,26740,1540,-15960
15260,1182,132,-165,26320,7070,-12880
15265,1182,132,-165,26320,7070,-12880
15270,1118,111,-114,28560,6930,-9940
15275,1118,111,-114,28560,6930,-9940
15280,1078,92,-66,31290,3850,-7630
15285,1078,92,-66,31290,3850,-7630
15290,1063,79,-52,32340,-350,-6790
15295,1063,79,-52,32340,-350,-6790
15300,1072,83,-46,31570,-5180,-6930
15305,1072,83,-46,31570,-5180,-6930
15310,1113,115,-38,29610,-8960,-7560
15315,1113,115,-38,29610,-8960,-7560
15320,1148,163,-45,27440,-9520,-8330
15325,1148,163,-45,27440,-9520,-8330
15330,1183,147,-104,25830,-7420,-9870
15335,1183,147,-104,25830,-7420,-9870
15340,1272,125,-98,28980,-5180,-13020
15345,1272,125,-98,28980,-5180,-13020
15350,1336,200,-188,33950,-4550,-17710
15355,1336,200,-188,33950,-4550,-17710
15360,1345,252,-335,32480,-6090,-24220
15365,1345,252,-335,32480,-6090,-24220
15370,1384,311,-316,24150,-3780,-29470
15375,1384,311,-316,24150,-3780,-29470
15380,1384,372,-297,8400,6300,-31500
15385,1384,372,-297,8400,6300,-31500
15390,1280,353,-321,-11200,19110,-27650
15395,1280,353,-321,-11200,19110,-27650
15400,1154,282,-298,-27300,29190,-19670
15405,1154,282,-298,-27300,29190,-19670
15410,1033,224,-304,-36470,31010,-10710
15415,1033,224,-304,-36470,31010,-10710
15420,910,151,-439,-40460,22890,-2870
15425,910,151,-439,-40460,22890,-2870
15430,805,86,-540,-37660,13300,2450
15435,805,86,-540,-31500,11060,5880
15440,729,12,-534,-31500,11060,5880
15445,634,-150,-501,-26390,13790,8680
15450,634,-150,-501,-26390,13790,8680
15455,561,-312,-436,-20440,16450,8890
15460,561,-312,-436,-20440,16450,8890
15465,541,-404,-346,-15400,16100,6160
15470,541,-404,-346,-15400,16100,6160
15475,589,-447,-305,-13300,11550,840
15480,589,-447,-305,-13300,11550,840
15485,712,-461,-316,-10920,3430,-6300
15490,712,-461,-316,-10920,3430,-6300
15495,898,-433,-360,-5880,-3570,-13510
15500,898,-433,-360,-5880,-3570,-13510
15505,1072,-377,-429,910,-5600,-18340
15510,1072,-377,-429,910,-5600,-18340
15515,1151,-286,-455,6370,350,-19880
15520,1151,-286,-455,6370,350,-19880
15525,1094,-194,-411,8890,12810,-18550
15530,1094,-194,-411,8890,12810,-18550
15535,937,-97,-307,9940,23660,-16660
15540,937,-97,-307,9940,23660,-16660
15545,812,-3,-220,9240,26950,-15820
15550,812,-3,-220,9240,26950,-15820
15555,736,65,-156,6720,23590,-14280
15560,736,65,-156,6720,23590,-14280
15565,706,88,-121,3780,15260,-10780
15570,706,88,-121,3780,15260,-10780
15575,702,84,-93,3360,4550,-6090
15580,702,84,-93,3360,4550,-6090
15585,715,77,-75,4410,-6580,-910
15590,715,77,-75,4410,-6580,-910
15595,756,77,-87,4760,-17430,3080
15600,756,77,-87,4760,-17430,3080
15605,834,83,-104,4970,-27440,5670
15610,834,83,-104,4970,-27440,5670
15615,945,107,-118,4550,-35490,7210
15620,945,107,-118,4550,-35490,7210
15625,1060,131,-136,2450,-38080,8540
15630,1060,131,-136,2450,-38080,8540
15635,1120,158,-159,-770,-32970,10360
15640,1120,158,-159,-770,-32970,10360
15645,1105,180,-145,-4900,-22470,12670
15650,1105,180,-145,-4900,-22470,12670
15655,1060,163,-133,-11340,-14420,14840
15660,1060,163,-133,-11340,-14420,14840
15665,1023,119,-139,-18550,-10430,17010
15670,1023,119,-139,-18550,-10430,17010
15675,987,73,-140,-24500,-7490,18900
15680,987,73,-140,-29540,-4550,20160
15685,946,36,-130,-29540,-4550,20160
15690,899,1,-107,-34370,-2240,20370
15695,899,1,-107,-34370,-2240,20370
15700,847,-37,-103,-38430,-1960,20090
15705,847,-37,-103,-38430,-1960,20090
15710,806,-77,-125,-39900,-4830,19180
15715,806,-77,-125,-39900,-4830,19180
15720,805,-102,-151,-37800,-10570,17920
15725,805,-102,-151,-37800,-10570,17920
15730,817,-103,-140,-33530,-16450,17360
15735,817,-103,-140,-33530,-16450,17360
15740,823,-104,-109,-29260,-20930,18130
15745,823,-104,-109,-29260,-20930,18130
15750,898,-74,-84,-25760,-23450,18550
15755,898,-74,-84,-25760,-23450,18550
15760,953,-88,-53,-24850,-19460,16800
15765,953,-88,-53,-24850,-19460,16800
15770,1006,-34,-10,-26110,-13090,13020
15775,1006,-34,-10,-26110,-13090,13020
15780,963,-77,11,-29470,-7700,14910
15785,963,-77,11,-29470,-7700,14910
15790,1092,-110,-38,-31360,-1610,8260
15795,1092,-110,-38,-31360,-1610,8260
15800,1045,-135,-138,-34440,7420,4690
15805,1045,-135,-138,-34440,7420,4690
15810,816,-168,-208,-33880,10080,6930
15815,816,-168,-208,-33880,10080,6930
15820,627,-168,-218,-27790,210,7140
15825,627,-168,-218,-27790,210,7140
15830,605,-154,-182,-20790,-17570,5460
15835,605,-154,-182,-20790,-17570,5460
15840,680,-122,-145,-15680,-35770,5180
15845,680,-122,-145,-15680,-35770,5180
15850,827,-65,-186,-14560,-51310,5880
15855,827,-65,-186,-14560,-51310,5880
15860,1017,-23,-277,-16100,-58730,7560
15865,1017,-23,-277,-16100,-58730,7560
15870,1199,-29,-351,-17360,-52570,9100
15875,1199,-29,-351,-17360,-52570,9100
15880,1287,-66,-368,-17710,-34510,10710
15885,1287,-66,-368,-17710,-34510,10710
15890,1235,-126,-332,-19110,-12040,12110
15895,1235,-126,-332,-19110,-12040,12110
15900,1146,-206,-286,-21770,6300,11970
15905,1146,-206,-286,-21770,6300,11970
15910,1100,-244,-225,-22680,16030,10780
15915,1100,-244,-225,-22330,17500,10290
15920,1079,-218,-147,-22330,17500,10290
15925,1091,-218,-105,-23380,13790,10920
15930,1091,-164,-105,-23380,13790,10920
15935,1118,-113,-66,-24570,9380,12040
15940,1118,-113,-66,-24570,9380,12040
15945,1128,-81,-27,-26040,6020,12740
15950,1128,-81,-27,-26040,6020,12740
15955,1148,-76,3,-28980,4130,11760
15960,1148,-76,3,-28980,4130,11760
15965,1179,-77,21,-32130,3850,10150
15970,1179,-77,21,-32130,3850,10150
15975,1213,-37,19,-34650,4760,9380
15980,1213,-37,19,-34650,4760,9380
15985,1317,-27,0,-40250,6160,9940
15990,1317,-27,0,-40250,6160,9940
15995,1297,-187,-310,-45780,2870,13090
16000,1297,-187,-310,-45780,2870,13090
16005,1346,-305,-462,-38570,-5530,15750
16010,1346,-305,-462,-38570,-5530,15750
16015,1439,-393,-416,-24570,-6370,21840
16020,1439,-393,-416,-24570,-6370,21840
16025,1325,-521,-467,-7910,280,29540
16030,1325,-521,-467,-7910,280,29540
16035,1158,-477,-418,10150,7910,29610
16040,1158,-477,-418,10150,7910,29610
16045,1042,-362,-308,18270,14840,24780
16050,1042,-362,-308,18270,14840,24780
16055,967,-262,-235,19810,19530,17430
16060,967,-262,-235,19810,19530,17430
16065,904,-191,-198,20510,20160,8260
16070,904,-191,-198,20510,20160,8260
16075,866,-103,-178,18830,16030,280
16080,866,-103,-178,18830,16030,280
16085,838,-6,-225,13020,7840,-5110
16090,838,-6,-225,13020,7840,-5110
16095,807,47,-358,3080,-560,-8470
16100,807,47,-358,3080,-560,-8470
16105,786,72,-487,-6720,-5040,-10290
16110,786,72,-487,-6720,-5040,-10290
16115,766,90,-576,-12040,-5390,-10290
16120,766,90,-576,-12040,-5390,-10290
16125,761,101,-630,-12530,-3710,-8890
16130,761,101,-630,-12530,-3710,-8890
16135,763,100,-603,-8960,280,-5810
16140,763,100,-603,-8960,280,-5810
16145,770,128,-494,-3850,3220,-1470
16150,770,128,-494,-3850,3220,-1470
16155,776,133,-402,-1470,1750,2310
16160,776,133,-402,-1750,-1400,3290
16165,808,111,-359,-1750,-1400,3290
16170,975,36,-396,-1470,-3150,1890
16175,975,36,-396,-1470,-3150,1890
16180,968,85,-322,210,1750,-350
16185,968,85,-322,210,1750,-350
16190,932,52,-310,-3990,2730,-1400
16195,932,52,-310,-3990,2730,-1400
16200,873,-62,-384,-12250,280,-2870
16205,873,-62,-384,-12250,280,-2870
16210,846,-162,-431,-7350,-420,-5670
16215,846,-162,-431,-7350,-420,-5670
16220,953,-103,-398,4550,1750,-12670
16225,953,-103,-398,4550,1750,-12670
16230,861,-70,-361,7070,8050,-13020
16235,861,-70,-361,7070,8050,-13020
16240,812,-106,-313,8750,10080,-14350
16245,812,-106,-313,8750,10080,-14350
16250,861,-17,-197,9450,7490,-16590
16255,861,-17,-197,9450,7490,-16590
16260,847,-110,-232,1190,6440,-14280
16265,847,-110,-232,1190,6440,-14280
16270,849,-149,-206,8470,6160,-16100
16275,849,-149,-206,8470,6160,-16100
16280,850,-87,-130,18900,7420,-18830
16285,850,-87,-130,18900,7420,-18830
16290,809,-49,-97,21700,7000,-19880
16295,809,-49,-97,21700,7000,-19880
16300,803,-23,-98,22400,1260,-20860
16305,803,-23,-98,22400,1260,-20860
16310,859,-10,-116,23100,-6790,-21490
16315,859,-10,-116,23100,-6790,-21490
16320,925,2,-151,24990,-11200,-21420
16325,925,2,-151,24990,-11200,-21420
16330,967,27,-162,27860,-10780,-20300
16335,967,27,-162,27860,-10780,-20300
16340,972,47,-155,29470,-8750,-18200
16345,972,47,-155,29470,-8750,-18200
16350,951,54,-139,29680,-7350,-16240
16355,951,54,-139,29680,-7350,-16240
16360,936,49,-118,28700,-7700,-14700
16365,936,49,-118,28700,-7700,-14700
16370,905,40,-96,26670,-8750,-13160
16375,905,40,-96,26670,-8750,-13160
16380,883,32,-70,23940,-9520,-11340
16385,883,32,-70,23940,-9520,-11340
16390,869,22,-55,21280,-9590,-9380
16395,869,22,-55,21280,-9590,-9380
16400,868,19,-56,19740,-9660,-7490
16405,868,19,-56,19670,-10080,-5390
16410,876,8,-76,19670,-10080,-5390
16415,887,9,-111,21140,-10080,-3850
16420,887,9,-111,21140,-10080,-3850
16425,889,25,-127,23310,-9310,-2520
16430,889,25,-127,23310,-9310,-2520
16435,888,46,-130,25480,-8540,-1750
16440,888,46,-130,25480,-8540,-1750
16445,881,48,-144,27790,-8190,-1750
16450,881,48,-144,27790,-8190,-1750
16455,877,26,-153,31360,-8330,-2520
16460,877,26,-153,31360,-8330,-2520
16465,904,-14,-154,37100,-8820,-2450
16470,904,-14,-154,37100,-8820,-2450
16475,915,-18,-98,41720,-9870,-1400
16480,915,-18,-98,41720,-9870,-1400
16485,939,-37,-99,42700,-10780,-630
16490,939,-37,-99,42700,-10780,-630
16495,970,-9,-73,44310,-12320,490
16500,970,-9,-73,44310,-12320,490
16505,1031,-13,-114,41510,-14070,-770
16510,1031,-13,-114,41510,-14070,-770
16515,1095,-20,-148,38920,-12530,-3570
16520,1095,-20,-148,38920,-12530,-3570
16525,1135,21,-128,37380,-4900,-7420
16530,1135,21,-128,37380,-4900,-7420
16535,1092,67,-98,32410,5600,-10220
16540,1092,67,-98,32410,5600,-10220
16545,1007,86,-84,25480,11760,-12320
16550,1007,86,-84,25480,11760,-12320
16555,952,86,-91,21140,10640,-14280
16560,952,86,-91,21140,10640,-14280
16565,948,82,-94,20160,4830,-15190
16570,948,82,-94,20160,4830,-15190
16575,990,94,-70,21490,-2520,-14280
16580,990,94,-70,21490,-2520,-14280
16585,1070,107,-59,22190,-8680,-11760
16590,1070,107,-59,22190,-8680,-11760
16595,1170,115,-73,22190,-11480,-8400
16600,1170,115,-73,22190,-11480,-8400
16605,1260,145,-55,21770,-9380,-5250
16610,1260,145,-55,21770,-9380,-5250
16615,1262,155,-24,19950,-4480,-2030
16620,1262,155,-24,19950,-4480,-2030
16625,1188,119,-15,19250,-2310,630
16630,1188,119,-15,19250,-2310,630
16635,1162,86,-30,21770,-3710,70
16640,1162,86,-30,21770,-3710,70
16645,1144,75,-37,25690,-4830,-1050
16650,1144,75,-37,28420,-5110,-2450
16655,1146,51,-77,28420,-5110,-2450
16660,1273,81,-39,29610,-4340,-6300
16665,1273,81,-39,29610,-4340,-6300
16670,1322,231,-109,24430,-3990,-10850
16675,1322,231,-109,24430,-3990,-10850
16680,1306,265,-204,12110,-8190,-15190
16685,1306,265,-204,12110,-8190,-15190
16690,1340,283,-175,-3850,-10850,-18270
16695,1340,283,-175,-3850,-10850,-18270
16700,1351,301,-229,-20580,-3920,-20020
16705,1351,301,-229,-20580,-3920,-20020
16710,1306,250,-360,-32760,9240,-19040
16715,1306,250,-360,-32760,9240,-19040
16720,1204,137,-402,-36400,22680,-13860
16725,1204,137,-402,-36400,22680,-13860
16730,1063,52,-419,-33810,29680,-7070
16735,1063,52,-419,-33810,29680,-7070
16740,879,-10,-507,-29330,26390,-1120
16745,879,-10,-507,-29330,26390,-1120
16750,755,-91,-592,-22050,15190,1820
16755,755,-91,-592,-22050,15190,1820
16760,690,-198,-622,-11410,3360,2100
16765,690,-198,-622,-11410,3360,2100
16770,686,-323,-620,630,-5320,280
16775,686,-323,-620,630,-5320,280
16780,726,-379,-550,10640,-8750,-3010
16785,726,-379,-550,10640,-8750,-3010
16790,799,-354,-466,13860,-6930,-5810
16795,799,-354,-466,13860,-6930,-5810
16800,904,-309,-450,10500,-2240,-7840
16805,904,-309,-450,10500,-2240,-7840
16810,971,-255,-474,7630,3850,-9030
16815,971,-255,-474,7630,3850,-9030
16820,1000,-196,-482,7840,11550,-10080
16825,1000,-196,-482,7840,11550,-10080
16830,991,-137,-445,9310,19670,-10080
16835,991,-137,-445,9310,19670,-10080
16840,952,-87,-383,10220,25340,-8820
16845,952,-87,-383,10220,25340,-8820
16850,878,-49,-318,9310,27090,-6370
16855,878,-49,-318,9310,27090,-6370
16860,792,-18,-244,6930,26040,-3360
16865,792,-18,-244,6930,26040,-3360
16870,707,-7,-182,2940,23100,-420
16875,707,-7,-182,2940,23100,-420
16880,648,-4,-146,-770,17290,1750
16885,648,-4,-146,-770,17290,3290
16890,633,-11,-142,-2520,6720,3290
16895,633,-11,-142,-2100,-7420,4270
16900,681,-23,-189,-2100,-7420,4270
16905,775,-23,-218,420,-19390,5670
16910,775,-23,-218,420,-19390,5670
16915,880,1,-213,2660,-27090,8260
16920,880,1,-213,2660,-27090,8260
16925,943,24,-211,2450,-29750,11130
16930,943,24,-211,2450,-29750,11130
16935,959,32,-209,-210,-27020,12950
16940,959,32,-209,-210,-27020,12950
16945,983,43,-192,-3850,-23100,13300
16950,983,43,-192,-3850,-23100,13300
16955,1022,48,-196,-8260,-20370,13860
16960,1022,48,-196,-8260,-20370,13860
16965,1029,6,-220,-12390,-17360,15820
16970,1029,6,-220,-12390,-17360,15820
16975,1057,3,-219,-14840,-13370,15540
16980,1057,3,-219,-14840,-13370,15540
16985,963,-30,-205,-17640,-7210,17220
16990,963,-30,-205,-17640,-7210,17220
16995,934,-58,-205,-17990,-3290,15400
17000,934,-58,-205,-17990,-3290,15400
17005,938,-69,-183,-17920,1820,11830
17010,938,-69,-183,-17920,1820,11830
17015,924,-81,-156,-17360,6020,9870
17020,924,-81,-156,-17360,6020,9870
17025,911,-91,-153,-16310,6580,8680
17030,911,-91,-153,-16310,6580,8680
17035,898,-103,-148,-15400,6090,7910
17040,898,-103,-148,-15400,6090,7910
17045,887,-111,-131,-14630,5530,6860
17050,887,-111,-131,-14630,5530,6860
17055,871,-95,-119,-15120,4130,5600
17060,871,-95,-119,-15120,4130,5600
17065,851,-74,-119,-17570,2170,4340
17070,851,-74,-119,-17570,2170,4340
17075,786,-48,-101,-19950,70,3220
17080,786,-48,-101,-19950,70,3220
17085,726,-62,-87,-22120,-4550,2310
17090,726,-62,-87,-22120,-4550,2310
17095,758,-60,-51,-23030,-10640,-140
17100,758,-60,-51,-23030,-10640,-140
17105,864,-60,-61,-25410,-13510,-4200
17110,864,-60,-61,-25410,-13510,-4200
17115,836,-97,-69,-26880,-14910,-3220
17120,836,-97,-69,-26880,-14910,-3220
17125,1006,-104,-119,-25830,-16310,-5600
17130,1006,-104,-119,-26530,-7630,-7630
17135,1092,-75,-166,-26530,-7630,-7630
17140,1043,-75,-162,-29680,5460,-5600
17145,1043,-64,-162,-29680,5460,-5600
17150,892,-72,-113,-31290,13020,-2380
17155,892,-72,-113,-31290,13020,-2380
17160,786,-63,-70,-30870,10710,-910
17165,786,-63,-70,-30870,10710,-910
17170,762,-59,-68,-30030,1890,-1050
17175,762,-59,-68,-30030,1890,-1050
17180,816,-62,-88,-27930,-9660,-1050
17185,816,-62,-88,-27930,-9660,-1050
17190,911,-66,-112,-24990,-20300,70
17195,911,-66,-112,-24990,-20300,70
17200,1030,-71,-136,-22820,-26320,1680
17205,1030,-71,-136,-22820,-26320,1680
17210,1120,-75,-141,-22470,-25340,3430
17215,1120,-75,-141,-22470,-25340,3430
17220,1151,-102,-144,-23240,-19530,5180
17225,1151,-102,-144,-23240,-19530,5180
17230,1131,-146,-163,-23450,-12670,6020
17235,1131,-146,-163,-23450,-12670,6020
17240,1090,-168,-157,-22960,-6020,5880
17245,1090,-168,-157,-22960,-6020,5880
17250,1041,-170,-124,-23240,-1120,5530
17255,1041,-170,-124,-23240,-1120,5530
17260,995,-161,-87,-24640,-630,5810
17265,995,-161,-87,-24640,-630,5810
17270,991,-140,-61,-25410,-4200,6020
17275,991,-140,-61,-25410,-4200,6020
17280,1037,-106,-38,-24500,-9380,6230
17285,1037,-106,-38,-24500,-9380,6230
17290,1101,-60,-23,-23940,-13860,6790
17295,1101,-60,-23,-23940,-13860,6790
17300,1158,-29,-31,-25480,-15890,7630
17305,1158,-29,-31,-25480,-15890,7630
17310,1192,-29,-42,-28630,-14420,8050
17315,1192,-29,-42,-28630,-14420,8050
17320,1209,-60,-44,-32060,-10150,8190
17325,1209,-60,-44,-32060,-10150,8190
17330,1193,-111,-47,-34510,-4480,8330
17335,1193,-111,-47,-34510,-4480,8330
17340,1137,-160,-38,-36120,980,8960
17345,1137,-160,-38,-36120,980,8960
17350,1081,-213,-35,-38080,4060,9450
17355,1081,-213,-35,-38080,4060,9450
17360,1047,-251,-17,-38780,4550,9870
17365,1047,-251,-17,-38780,4550,9870
17370,1019,-257,22,-36750,3710,10360
17375,1019,-257,22,-33600,2520,10710
17380,985,-214,32,-33600,2520,10710
17385,1028,22,19,-33670,910,10010
17390,1028,22,19,-33670,910,10010
17395,1222,64,-134,-42350,-1400,9940
17400,1222,64,-134,-42350,-1400,9940
17405,1382,-104,-582,-44940,-5460,12250
17410,1382,-104,-582,-44940,-5460,12250
17415,1473,-292,-739,-31710,-11900,15400
17420,1473,-292,-739,-31710,-11900,15400
17425,1522,-551,-754,-10080,-14070,21630
17430,1522,-551,-754,-10080,-14070,21630
17435,1393,-770,-737,19950,-3640,21840
17440,1393,-770,-737,19950,-3640,21840
17445,1137,-702,-613,46760,10430,13440
17450,1137,-702,-613,46760,10430,13440
17455,908,-517,-466,55160,20930,140
17460,908,-517,-466,55160,20930,140
17465,803,-345,-411,49770,25900,-12880
17470,803,-345,-411,49770,25900,-12880
17475,738,-177,-480,42700,25970,-21630
17480,738,-177,-480,42700,25970,-21630
17485,680,6,-523,38850,21910,-26180
17490,680,6,-523,38850,21910,-26180
17495,690,226,-471,35000,17290,-28000
17500,690,226,-471,35000,17290,-28000
17505,769,425,-356,29610,17290,-27160
17510,769,425,-356,29610,17290,-27160
17515,862,533,-268,23590,19390,-24500
17520,862,533,-268,23590,19390,-24500
17525,965,543,-278,15680,17290,-21980
17530,965,543,-278,15680,17290,-21980
17535,1125,473,-365,5670,12320,-18480
17540,1125,473,-365,5670,12320,-18480
17545,1238,360,-469,-1960,11970,-12390
17550,1238,360,-469,-1960,11970,-12390
17555,1222,252,-483,-4690,21980,-6230
17560,1222,252,-483,-4690,21980,-6230
17565,1113,180,-411,-5460,33810,-2310
17570,1113,180,-411,-5460,33810,-2310
17575,957,120,-314,-7770,39760,-140
17580,957,120,-314,-7770,39760,-140
17585,798,56,-244,-11830,38920,280
17590,798,56,-244,-11830,38920,280
17595,735,11,-227,-16240,33880,-2520
17600,735,11,-227,-16240,33880,-2520
17605,655,9,-192,-19880,27580,-6230
17610,655,9,-192,-19880,27580,-6230
17615,586,-26,-174,-22400,15540,-8540
17620,586,-26,-174,-20580,-840,-10360
17625,640,-70,-178,-20580,-840,-10360
17630,728,-101,-232,-16240,-13860,-11340
17635,728,-101,-232,-16240,-13860,-11340
17640,797,-116,-295,-10360,-21980,-10640
17645,797,-116,-295,-10360,-21980,-10640
17650,858,-82,-323,-3570,-25620,-10010
17655,858,-82,-323,-3570,-25620,-10010
17660,913,-30,-340,980,-26600,-9520
17665,913,-30,-340,980,-26600,-9520
17670,954,26,-354,2450,-25060,-10220
17675,954,26,-354,2450,-25060,-10220
17680,972,81,-359,1820,-21210,-11340
17685,972,81,-359,1820,-21210,-11340
17690,969,128,-349,630,-16030,-12810
17695,969,128,-349,630,-16030,-12810
17700,943,155,-322,630,-10220,-14560
17705,943,155,-322,630,-10220,-14560
17710,917,150,-295,2100,-6370,-16310
17715,917,150,-295,2100,-6370,-16310
17720,894,106,-295,4410,-6510,-17430
17725,894,106,-295,4410,-6510,-17430
17730,885,24,-299,6860,-9520,-17010
17735,885,24,-299,6860,-9520,-17010
17740,884,-70,-302,10570,-14070,-14910
17745,884,-70,-302,10570,-14070,-14910
17750,872,-135,-308,15260,-18550,-12040
17755,872,-135,-308,15260,-18550,-12040
17760,850,-138,-302,19670,-21700,-9450
17765,850,-138,-302,19670,-21700,-9450
17770,823,-74,-292,22050,-24290,-7980
17775,823,-74,-292,22050,-24290,-7980
17780,821,11,-302,22400,-28280,-8120
17785,821,11,-302,22400,-28280,-8120
17790,865,63,-312,22750,-33670,-9800
17795,865,63,-312,22750,-33670,-9800
17800,955,75,-342,24150,-38640,-12460
17805,955,75,-342,24150,-38640,-12460
17810,1061,59,-383,26740,-38920,-14980
17815,1061,59,-383,26740,-38920,-14980
17820,1153,37,-423,29540,-31990,-16030
17825,1153,37,-423,29540,-31990,-16030
17830,1151,20,-410,31710,-16800,-14840
17835,1151,20,-410,31710,-16800,-14840
17840,1074,5,-333,32970,770,-12600
17845,1074,5,-333,32970,770,-12600
17850,969,29,-272,34720,12810,-10360
17855,969,29,-272,34720,12810,-10360
17860,872,93,-216,36190,17500,-7840
17865,872,93,-216,34860,16660,-4620
17870,817,144,-165,34860,16660,-4620
17875,796,168,-130,31360,11340,-1540
17880,796,168,-130,31360,11340,-1540
17885,806,164,-127,28490,2800,770
17890,806,164,-127,28490,2800,770
17895,839,149,-159,27090,-6020,2240
17900,839,149,-159,27090,-6020,2240
17905,897,146,-189,26110,-12040,3010
17910,897,146,-189,26110,-12040,3010
17915,974,119,-217,24990,-14280,3850
17920,974,119,-217,24990,-14280,3850
17925,1043,69,-258,25130,-12460,4690
17930,1043,69,-258,25130,-12460,4690
17935,1067,31,-272,27720,-8050,6370
17940,1067,31,-272,27720,-8050,6370
17945,1067,36,-265,28910,-3500,7770
17950,1067,36,-265,28910,-3500,7770
17955,1044,45,-248,26390,140,8470
17960,1044,45,-248,26390,140,8470
17965,1022,45,-227,20930,3500,7910
17970,1022,45,-227,20930,3500,7910
17975,996,50,-215,14980,5950,6580
17980,996,50,-215,14980,5950,6580
17985,966,48,-216,9520,7000,5180
17990,966,48,-216,9520,7000,5180
17995,948,39,-233,5880,6090,3780
18000,948,39,-233,5880,6090,3780
18005,948,32,-241,4550,3360,2800
18010,948,32,-241,4550,3360,2800
18015,933,30,-226,3920,210,2590
18020,933,30,-226,3920,210,2590
18025,960,46,-221,1120,-2520,1680
18030,960,46,-221,1120,-2520,1680
18035,978,42,-240,-4410,-3360,1610
18040,978,42,-240,-4410,-3360,1610
18045,965,8,-260,-8400,-2660,2030
18050,965,8,-260,-8400,-2660,2030
18055,928,-17,-248,-7700,-3570,3150
18060,928,-17,-248,-7700,-3570,3150
18065,925,-26,-244,-5530,-5740,3080
18070,925,-26,-244,-5530,-5740,3080
18075,923,-30,-250,-4200,-7210,3010
18080,923,-30,-250,-4200,-7210,3010
18085,914,-46,-254,-3640,-8610,3010
18090,914,-46,-254,-3640,-8610,3010
18095,922,-65,-255,-2590,-10780,2240
18100,922,-65,-255,-2590,-12530,1190
18105,947,-71,-258,-1260,-12530,1190
18110,947,-71,-262,-280,-12460,490
18115,970,-68,-262,-280,-12460,490
18120,988,-63,-264,490,-11200,-70
18125,988,-63,-264,490,-11200,-70
18130,994,-55,-260,1400,-8750,-560
18135,994,-55,-260,1400,-8750,-560
18140,987,-44,-257,2240,-6020,-1050
18145,987,-44,-257,2240,-6020,-1050
18150,975,-24,-249,3010,-3780,-1680
18155,975,-24,-249,3010,-3780,-1680
18160,963,-9,-233,3500,-2730,-2030
18165,963,-9,-233,3500,-2730,-2030
18170,962,-10,-218,3570,-2870,-1960
18175,962,-10,-218,3570,-2870,-1960
18180,972,-20,-201,3850,-3430,-1960
18185,972,-20,-201,3850,-3430,-1960
18190,986,-29,-191,4060,-3780,-1820
18195,986,-29,-191,4060,-3780,-1820
18200,989,-41,-195,3710,-3570,-1820
18205,989,-41,-195,3710,-3570,-1820
18210,988,-45,-205,3010,-3290,-2100
18215,988,-45,-205,3010,-3290,-2100
18220,987,-42,-216,1680,-2730,-2730
18225,987,-42,-216,1680,-2730,-2730
18230,974,-38,-218,700,-2030,-3080
18235,974,-38,-218,700,-2030,-3080
18240,965,-37,-212,350,-1610,-3500
18245,965,-37,-212,350,-1610,-3500
18250,952,-38,-201,560,-1750,-3500
18255,952,-38,-201,560,-1750,-3500
18260,942,-41,-188,1050,-2590,-3080
18265,942,-41,-188,1050,-2590,-3080
18270,935,-42,-183,1470,-4130,-2660
18275,935,-42,-183,1470,-4130,-2660
18280,937,-43,-192,1680,-5880,-2310
18285,937,-43,-192,1680,-5880,-2310
18290,948,-50,-205,2240,-7420,-2240
18295,948,-50,-205,2240,-7420,-2240
18300,961,-56,-212,3430,-8540,-2310
18305,961,-56,-212,3430,-8540,-2310
18310,979,-56,-212,4690,-8960,-2380
18315,979,-56,-212,4690,-8960,-2380
18320,990,-52,-218,5390,-8400,-2660
18325,990,-52,-218,5390,-8400,-2660
18330,997,-42,-220,5390,-6860,-2800
18335,997,-42,-220,5390,-6860,-2800
18340,994,-25,-214,4550,-4690,-2800
18345,994,-25,-214,3150,-2800,-2800
18350,984,-15,-213,3150,-2800,-2800
18355,975,-11,-216,2030,-1540,-2870
18360,975,-11,-216,2030,-1540,-2870
18365,973,-18,-216,1610,-980,-2800
18370,973,-18,-216,1610,-980,-2800
18375,973,-25,-210,1540,-1050,-2520
18380,973,-25,-210,1540,-1050,-2520
18385,975,-30,-201,1330,-1610,-2240
18390,975,-30,-201,1330,-1610,-2240
18395,979,-24,-190,630,-2310,-2240
18400,979,-24,-190,630,-2310,-2240
18405,979,-15,-185,-770,-2660,-2380
18410,979,-15,-185,-770,-2660,-2380
18415,976,-13,-185,-2030,-2380,-2590
18420,976,-13,-185,-2030,-2380,-2590
18425,971,-11,-185,-2870,-2100,-2450
18430,971,-11,-185,-2870,-2100,-2450
18435,966,-11,-182,-3220,-2240,-1960
18440,966,-11,-182,-3220,-2240,-1960
18445,962,-12,-176,-3360,-2590,-1330
18450,962,-12,-176,-3360,-2590,-1330
18455,968,-16,-180,-3430,-3010,-910
18460,968,-16,-180,-3430,-3010,-910
18465,977,-22,-195,-3220,-3080,-700
18470,977,-22,-195,-3220,-3080,-700
18475,963,-17,-196,-2800,-2940,-490
18480,963,-17,-196,-2800,-2940,-490
18485,958,-16,-191,-3500,-3640,-420
18490,958,-16,-191,-3500,-3640,-420
18495,999,-36,-219,-6230,-3710,-560
18500,999,-36,-219,-6230,-3710,-560
18505,972,-76,-214,-4760,-1960,490
18510,972,-76,-214,-4760,-1960,490
18515,940,-78,-190,210,-2590,420
18520,940,-78,-190,210,-2590,420
18525,950,-53,-190,1820,-4830,-630
18530,950,-53,-190,1820,-4830,-630
18535,981,-45,-206,560,-5670,-1400
18540,981,-45,-206,560,-5670,-1400
18545,998,-44,-217,-420,-4200,-1470
18550,998,-44,-217,-420,-4200,-1470
18555,993,-33,-212,-140,-2380,-1330
18560,993,-33,-212,-140,-2380,-1330
18565,992,-15,-202,280,-1120,-1540
18570,992,-15,-202,280,-1120,-1540
18575,993,-5,-198,-280,-210,-1610
18580,993,-5,-198,-280,-210,-1610
18585,987,-11,-202,-1120,910,-1400
18590,987,-11,-202,-1260,2030,-1120
18595,964,-28,-209,-1260,2030,-1120
18600,944,-36,-201,-490,2240,-1120
18605,944,-36,-201,-490,2240,-1120
18610,945,-28,-190,0,770,-1680
18615,945,-28,-190,0,770,-1680
18620,955,-21,-186,-210,-980,-2170
18625,955,-21,-186,-210,-980,-2170
18630,968,-20,-192,-420,-2450,-2170
18635,968,-20,-192,-420,-2450,-2170
18640,973,-27,-201,-420,-3290,-2030
18645,973,-27,-201,-420,-3290,-2030
18650,970,-41,-205,-70,-3570,-1750
18655,970,-41,-205,-70,-3570,-1750
18660,966,-48,-200,420,-3710,-1750
18665,966,-48,-200,420,-3710,-1750
18670,967,-43,-199,490,-3780,-2170
18675,967,-43,-199,490,-3780,-2170
18680,966,-36,-195,420,-3500,-2450
18685,966,-36,-195,420,-3500,-2450
18690,968,-25,-189,630,-3500,-2520
18695,968,-25,-189,630,-3500,-2520
18700,965,-17,-187,840,-3780,-2310
18705,965,-17,-187,840,-3780,-2310
18710,970,-17,-191,630,-4060,-2030
18715,970,-17,-191,630,-4060,-2030
18720,972,-19,-195,140,-4060,-1750
18725,972,-19,-195,140,-4060,-1750
18730,977,-25,-199,-420,-3640,-1750
18735,977,-25,-199,-420,-3640,-1750
18740,982,-24,-199,-140,-3010,-2030
18745,982,-24,-199,-140,-3010,-2030
18750,985,-14,-195,630,-2030,-2170
18755,985,-14,-195,630,-2030,-2170
18760,979,-8,-186,980,-1190,-2030
18765,979,-8,-186,980,-1190,-2030
18770,976,-10,-180,700,-1050,-1680
18775,976,-10,-180,700,-1050,-1680
18780,975,-15,-177,280,-1610,-1400
18785,975,-15,-177,280,-1610,-1400
18790,978,-17,-180,0,-2240,-1400
18795,978,-17,-180,0,-2240,-1400
18800,978,-14,-185,-210,-2310,-1540
18805,978,-14,-185,-210,-2310,-1540
18810,979,-8,-187,-770,-1750,-1820
18815,979,-8,-187,-770,-1750,-1820
18820,977,-2,-184,-1680,-1050,-1960
18825,977,-2,-184,-1680,-1050,-1960
18830,975,-3,-184,-2730,-560,-1820
18835,975,-3,-184,-3150,-280,-1540
18840,970,-6,-181,-3150,-280,-1540
18845,969,-6,-173,-3010,-420,-1610
18850,969,-6,-173,-3010,-420,-1610
18855,969,-7,-174,-3010,-630,-1540
18860,969,-7,-174,-3010,-630,-1540
18865,974,-12,-183,-2940,-980,-1400
18870,974,-12,-183,-2940,-980,-1400
18875,978,-16,-189,-2380,-1470,-1330
18880,978,-16,-189,-2380,-1470,-1330
18885,979,-21,-186,-1750,-1820,-1400
18890,979,-21,-186,-1750,-1820,-1400
18895,980,-27,-184,-1400,-1960,-1400
18900,980,-27,-184,-1400,-1960,-1400
18905,976,-33,-185,-1400,-1820,-1470
18910,976,-33,-185,-1400,-1820,-1470
18915,972,-34,-184,-1400,-1470,-1610
18920,972,-34,-184,-1400,-1470,-1610
18925,966,-32,-186,-1540,-1400,-1680
18930,966,-32,-186,-1540,-1400,-1680
18935,959,-30,-183,-1470,-1610,-1680
18940,959,-30,-183,-1470,-1610,-1680
18945,956,-26,-184,-1260,-2030,-1890
18950,956,-26,-184,-1260,-2030,-1890
18955,963,-22,-184,-700,-2730,-2170
18960,963,-22,-184,-700,-2730,-2170
18965,979,-11,-184,-70,-3150,-2450
18970,979,-11,-184,-70,-3150,-2450
18975,993,0,-185,140,-2660,-2450
18980,993,0,-185,140,-2660,-2450
18985,993,7,-182,70,-1540,-2310
18990,993,7,-182,70,-1540,-2310
18995,981,8,-171,-210,-560,-2030
19000,981,8,-171,-210,-560,-2030
19005,976,14,-165,-1050,-210,-1820
19010,976,14,-165,-1050,-210,-1820
19015,957,19,-157,-2380,-280,-1260
19020,957,19,-157,-2380,-280,-1260
19025,957,23,-157,-3850,-1400,-910
19030,957,23,-157,-3850,-1400,-910
19035,961,28,-158,-4900,-2870,-630
19040,961,28,-158,-4900,-2870,-630
19045,970,28,-161,-5740,-4060,-350
19050,970,28,-161,-5740,-4060,-350
19055,981,23,-165,-6510,-4620,-70
19060,981,23,-165,-6510,-4620,-70
19065,983,14,-167,-7070,-4480,70
19070,983,14,-167,-7070,-4480,70
19075,981,5,-169,-7560,-4060,70
19080,981,5,-169,-7910,-3570,70
19085,976,-4,-172,-7910,-3570,70
19090,969,-14,-166,-7910,-3570,210
19095,969,-14,-166,-7910,-3570,210
19100,964,-23,-163,-7910,-4130,280
19105,964,-23,-163,-7910,-4130,280
19110,960,-32,-164,-7770,-4830,280
19115,960,-32,-164,-7770,-4830,280
19120,960,-36,-166,-7350,-5530,70
19125,960,-36,-166,-7350,-5530,70
19130,967,-32,-165,-6580,-5880,-490
19135,967,-32,-165,-6580,-5880,-490
19140,978,-26,-170,-6090,-6090,-910
19145,978,-26,-170,-6090,-6090,-910
19150,986,-21,-178,-5670,-5880,-910
19155,986,-21,-178,-5670,-5880,-910
19160,989,-20,-187,-5320,-5320,-770
19165,989,-20,-187,-5320,-5320,-770
19170,990,-24,-194,-4830,-4620,-700
19175,990,-24,-194,-4830,-4620,-700
19180,988,-27,-192,-4130,-3990,-700
19185,988,-27,-192,-4130,-3990,-700
19190,979,-26,-188,-3640,-3360,-770
19195,979,-26,-188,-3640,-3360,-770
19200,968,-23,-185,-3570,-2870,-980
19205,968,-23,-185,-3570,-2870,-980
19210,960,-17,-180,-3710,-2800,-1190
19215,960,-17,-180,-3710,-2800,-1190
19220,957,-9,-175,-4060,-3290,-1330
19225,957,-9,-175,-4060,-3290,-1330
19230,962,-3,-177,-4480,-3990,-1470
19235,962,-3,-177,-4480,-3990,-1470
19240,972,-3,-186,-4830,-4620,-1470
19245,972,-3,-186,-4830,-4620,-1470
19250,986,-3,-196,-4620,-4760,-1330
19255,986,-3,-196,-4620,-4760,-1330
19260,990,-9,-196,-4130,-4130,-1120
19265,990,-9,-196,-4130,-4130,-1120
19270,997,-12,-186,-3920,-2870,-1260
19275,997,-12,-186,-3920,-2870,-1260
19280,990,-17,-170,-4200,-1330,-1050
19285,990,-17,-170,-4200,-1330,-1050
19290,977,-20,-160,-4830,-420,-840
19295,977,-20,-160,-4830,-420,-840
19300,971,-20,-157,-4970,-280,-910
19305,971,-20,-157,-4970,-280,-910
19310,970,-12,-159,-4830,-560,-980
19315,970,-12,-159,-4830,-1120,-840
19320,972,-8,-159,-4830,-1120,-840
19325,972,-8,-158,-5110,-1680,-490
19330,972,-4,-158,-5110,-1680,-490
19335,967,-3,-154,-5670,-2310,0
19340,967,-3,-154,-5670,-2310,0
19345,967,-10,-151,-6230,-3080,350
19350,967,-10,-151,-6230,-3080,350
19355,975,-12,-148,-6370,-3920,630
19360,975,-12,-148,-6370,-3920,630
19365,982,-11,-153,-6230,-4550,700
19370,982,-11,-153,-6230,-4550,700
19375,983,-10,-159,-6510,-4550,910
19380,983,-10,-159,-6510,-4550,910
19385,975,-17,-166,-7140,-4130,980
19390,975,-17,-166,-7140,-4130,980
19395,966,-32,-169,-7350,-4270,910
19400,966,-32,-169,-7350,-4270,910
19405,961,-40,-170,-6790,-4900,770
19410,961,-40,-170,-6790,-4900,770
19415,961,-41,-171,-6020,-5740,560
19420,961,-41,-171,-6020,-5740,560
19425,964,-40,-171,-5460,-6230,280
19430,964,-40,-171,-5460,-6230,280
19435,973,-43,-173,-4690,-6440,70
19440,973,-43,-173,-4690,-6440,70
19445,984,-43,-174,-3430,-6300,-140
19450,984,-43,-174,-3430,-6300,-140
19455,993,-36,-167,-2240,-5670,-280
19460,993,-36,-167,-2240,-5670,-280
19465,994,-31,-158,-1540,-4900,-210
19470,994,-31,-158,-1540,-4900,-210
19475,987,-23,-153,-1260,-4340,-70
19480,987,-23,-153,-1260,-4340,-70
19485,978,-22,-152,-1400,-4130,-70
19490,978,-22,-152,-1400,-4130,-70
19495,973,-24,-152,-1820,-4200,-140
19500,973,-24,-152,-1820,-4200,-140
19505,972,-31,-150,-2170,-4620,-280
19510,972,-31,-150,-2170,-4620,-280
19515,975,-43,-155,-2100,-5250,-560
19520,975,-43,-155,-2100,-5250,-560
19525,980,-54,-168,-1260,-5320,-1050
19530,980,-54,-168,-1260,-5320,-1050
19535,982,-65,-179,490,-4760,-1610
19540,982,-65,-179,490,-4760,-1610
19545,972,-73,-185,2870,-4130,-2100
19550,972,-73,-185,2870,-4130,-2100
19555,965,-69,-178,5180,-4060,-2730
19560,965,-69,-178,6790,-4270,-3290
19565,965,-53,-163,6790,-4270,-3290
19570,968,-34,-159,7420,-4900,-3570
19575,968,-34,-159,7420,-4900,-3570
19580,977,-18,-168,7770,-5390,-3850
19585,977,-18,-168,7770,-5390,-3850
19590,935,-15,-172,8540,-5880,-3430
19595,935,-15,-172,8540,-5880,-3430
19600,996,4,-189,9030,-7630,-5040
19605,996,4,-189,9030,-7630,-5040
19610,953,-4,-198,8750,-7000,-4340
19615,953,-4,-198,8750,-7000,-4340
19620,1035,3,-224,7140,-5110,-4830
19625,1035,3,-224,7140,-5110,-4830
19630,987,-34,-221,7140,-1120,-3360
19635,987,-34,-221,7140,-1120,-3360
19640,947,-42,-184,10780,-490,-3850
19645,947,-42,-184,10780,-490,-3850
19650,1002,-13,-179,11970,-1610,-6440
19655,1002,-13,-179,11970,-1610,-6440
19660,985,-14,-183,10080,-630,-6580
19665,985,-14,-183,10080,-630,-6580
19670,959,-32,-184,9100,-420,-6440
19675,959,-32,-184,9100,-420,-6440
19680,930,-39,-169,10220,-1960,-6510
19685,930,-39,-169,10220,-1960,-6510
19690,941,-37,-168,11340,-4970,-6930
19695,941,-37,-168,11340,-4970,-6930
19700,969,-38,-183,12110,-7140,-7140
19705,969,-38,-183,12110,-7140,-7140
19710,982,-32,-180,13720,-7700,-7000
19715,982,-32,-180,13720,-7700,-7000
19720,981,-15,-161,15050,-8120,-6720
19725,981,-15,-161,15050,-8120,-6720
19730,986,-3,-147,14770,-8330,-6860
19735,986,-3,-147,14770,-8330,-6860
19740,988,5,-149,13230,-8120,-6860
19745,988,5,-149,13230,-8120,-6860
19750,982,7,-167,11480,-7280,-6650
19755,982,7,-167,11480,-7280,-6650
19760,971,8,-180,10640,-6300,-6510
19765,971,8,-180,10640,-6300,-6510
19770,963,11,-182,10570,-5950,-6510
19775,963,11,-182,10570,-5950,-6510
19780,968,11,-195,10150,-6090,-6510
19785,968,11,-195,10150,-6090,-6510
19790,971,6,-208,9660,-5810,-6020
19795,971,6,-208,9660,-5810,-6020
19800,985,2,-214,9310,-5670,-5390
19805,985,2,-214,8540,-4900,-4620
19810,990,13,-211,8540,-4900,-4620
19815,988,29,-215,6790,-4060,-3920
19820,988,29,-215,6790,-4060,-3920
19825,976,43,-218,4270,-3150,-3430
19830,976,43,-218,4270,-3150,-3430
19835,960,55,-210,2240,-2660,-3010
19840,960,55,-210,2240,-2660,-3010
19845,953,66,-195,910,-2940,-2870
19850,953,66,-195,910,-2940,-2870
19855,947,77,-183,-420,-3780,-2730
19860,947,77,-183,-420,-3780,-2730
19865,949,73,-186,-2660,-4690,-2590
19870,949,73,-186,-2660,-4690,-2590
19875,962,53,-200,-5110,-5390,-2520
19880,962,53,-200,-5110,-5390,-2520
19885,980,36,-204,-6580,-5250,-2240
19890,980,36,-204,-6580,-5250,-2240
19895,984,33,-193,-7350,-4690,-1610
19900,984,33,-193,-7350,-4690,-1610
19905,978,38,-179,-8330,-4200,-910
19910,978,38,-179,-8330,-4200,-910
19915,970,47,-170,-9730,-4200,-350
19920,970,47,-170,-9730,-4200,-350
19925,963,51,-167,-11410,-4480,560
19930,963,51,-167,-11410,-4480,560
19935,960,44,-167,-12810,-5110,1400
19940,960,44,-167,-12810,-5110,1400
19945,962,31,-168,-14070,-5670,2240
19950,962,31,-168,-14070,-5670,2240
19955,967,13,-171,-14840,-6300,2730
19960,967,13,-171,-14840,-6300,2730
19965,978,1,-171,-15050,-7000,2870
19970,978,1,-171,-15050,-7000,2870
19975,988,-6,-176,-14980,-7350,2940
19980,988,-6,-176,-14980,-7350,2940
19985,992,-2,-180,-15260,-7000,2800
19990,992,-2,-180,-15260,-7000,2800
19995,987,-4,-184,-16380,-6230,2940
20000,987,-4,-184,-16380,-6230,2940