10000,969,-9,-212,1540,-2940,-1610
10005,969,-9,-212,1540,-2940,-1610
10010,963,-8,-209,1330,-2940,-1470
10015,963,-8,-209,1330,-2940,-1470
10020,956,-10,-210,910,-3290,-1330
10025,956,-10,-210,910,-3290,-1330
10030,956,-11,-210,700,-3850,-1330
10035,956,-11,-210,700,-3850,-1330
10040,960,-14,-212,420,-4480,-1330
10045,960,-14,-212,420,-4480,-1330
10050,970,-18,-218,210,-4830,-1470
10055,970,-18,-218,210,-4830,-1470
10060,982,-18,-219,490,-4550,-1540
10065,982,-18,-219,490,-4550,-1540
10070,989,-17,-222,770,-3640,-1610
10075,989,-17,-222,910,-2380,-1540
10080,981,-17,-226,910,-2380,-1540
10085,963,-16,-222,1050,-1610,-1260
10090,963,-16,-222,1050,-1610,-1260
10095,950,-16,-214,910,-2030,-1120
10100,950,-16,-214,910,-2030,-1120
10105,949,-16,-210,350,-3220,-980
10110,949,-16,-210,350,-3220,-980
10115,957,-17,-212,-350,-4130,-1050
10120,957,-17,-212,-350,-4130,-1050
10125,969,-18,-216,-840,-4270,-1120
10130,969,-18,-216,-840,-4270,-1120
10135,975,-17,-219,-840,-3850,-1190
10140,975,-17,-219,-840,-3850,-1190
10145,976,-13,-220,-420,-3010,-1260
10150,976,-13,-220,-420,-3010,-1260
10155,971,-8,-216,0,-2170,-1330
10160,971,-8,-216,0,-2170,-1330
10165,965,-4,-213,140,-1890,-1400
10170,965,-4,-213,140,-1890,-1400
10175,958,-6,-213,-70,-2100,-1330
10180,958,-6,-213,-70,-2100,-1330
10185,955,-9,-217,-420,-2520,-1330
10190,955,-9,-217,-420,-2520,-1330
10195,959,-11,-219,-630,-3010,-1400
10200,959,-11,-219,-630,-3010,-1400
10205,967,-13,-221,-910,-3360,-1400
10210,967,-13,-221,-910,-3360,-1400
10215,973,-14,-221,-1120,-3500,-1470
10220,973,-14,-221,-1120,-3500,-1470
10225,977,-13,-221,-1190,-3150,-1400
10230,977,-13,-221,-1190,-3150,-1400
10235,975,-15,-218,-1260,-2590,-1190
10240,975,-15,-218,-1260,-2590,-1190
10245,968,-13,-213,-1260,-2170,-980
10250,968,-13,-213,-1260,-2170,-980
10255,960,-10,-209,-1400,-2030,-910
10260,960,-10,-209,-1400,-2030,-910
10265,955,-9,-209,-1540,-2310,-980
10270,955,-9,-209,-1540,-2310,-980
10275,954,-14,-209,-1540,-2940,-980
10280,954,-14,-209,-1540,-2940,-980
10285,953,-24,-210,-1260,-3780,-910
10290,953,-24,-210,-1260,-3780,-910
10295,954,-31,-216,-980,-4550,-840
10300,954,-31,-216,-980,-4550,-840
10305,959,-42,-222,-700,-5040,-840
10310,959,-42,-222,-700,-5040,-840
10315,964,-56,-221,-140,-5110,-840
10320,964,-56,-221,980,-4970,-980
10325,971,-66,-212,980,-4970,-980
10330,980,-67,-193,2100,-4480,-1400
10335,980,-67,-193,2100,-4480,-1400
10340,982,-60,-194,2030,-3500,-1820
10345,982,-60,-194,2030,-3500,-1820
10350,985,-59,-211,1680,-3360,-2310
10355,985,-59,-211,1680,-3360,-2310
10360,1014,-66,-224,2800,-4970,-2590
10365,1014,-66,-224,2800,-4970,-2590
10370,1037,-81,-231,4340,-5460,-2800
10375,1037,-81,-231,4340,-5460,-2800
10380,1017,-96,-247,4970,-3500,-3150
10385,1017,-96,-247,4970,-3500,-3150
10390,985,-89,-251,5320,-1260,-3710
10395,985,-89,-251,5320,-1260,-3710
10400,957,-78,-238,5390,210,-3850
10405,957,-78,-238,5390,210,-3850
10410,936,-73,-212,5880,980,-3710
10415,936,-73,-212,5880,980,-3710
10420,915,-60,-187,7000,840,-3290
10425,915,-60,-187,7000,840,-3290
10430,896,-49,-170,7910,-630,-3360
10435,896,-49,-170,7910,-630,-3360
10440,900,-56,-163,7770,-3080,-3290
10445,900,-56,-163,7770,-3080,-3290
10450,931,-78,-163,7420,-6090,-2660
10455,931,-78,-163,7420,-6090,-2660
10460,972,-100,-179,7420,-8820,-1470
10465,972,-100,-179,7420,-8820,-1470
10470,1001,-116,-197,8120,-9520,-700
10475,1001,-116,-197,8120,-9520,-700
10480,1010,-125,-204,8750,-7280,-910
10485,1010,-125,-204,8750,-7280,-910
10490,1001,-127,-208,8680,-3640,-1890
10495,1001,-127,-208,8680,-3640,-1890
10500,985,-120,-210,7910,-420,-3500
10505,985,-120,-210,7910,-420,-3500
10510,972,-106,-214,6160,630,-5040
10515,972,-106,-214,6160,630,-5040
10520,965,-99,-223,3780,-140,-6300
10525,965,-99,-223,3780,-140,-6300
10530,965,-105,-229,1610,-1470,-7420
10535,965,-105,-229,1610,-1470,-7420
10540,962,-122,-245,560,-2660,-8400
10545,962,-122,-245,560,-2660,-8400
10550,949,-149,-283,1400,-3570,-9310
10555,949,-149,-283,1400,-4620,-9870
10560,940,-155,-303,3430,-4620,-9870
10565,940,-155,-281,4830,-6510,-10360
10570,937,-129,-281,4830,-6510,-10360
10575,933,-107,-280,4340,-8540,-11130
10580,933,-107,-280,4340,-8540,-11130
10585,935,-78,-278,3080,-10360,-12040
10590,935,-78,-278,3080,-10360,-12040
10595,925,-17,-266,1470,-12040,-12390
10600,925,-17,-266,1470,-12040,-12390
10605,901,39,-291,-2730,-13020,-12040
10610,901,39,-291,-2730,-13020,-12040
10615,879,128,-305,-10150,-13370,-11130
10620,879,128,-305,-10150,-13370,-11130
10625,869,249,-278,-21210,-13930,-9870
10630,869,249,-278,-21210,-13930,-9870
10635,858,310,-298,-34300,-15120,-8330
10640,858,310,-298,-34300,-15120,-8330
10645,861,338,-324,-45080,-15820,-6580
10650,861,338,-324,-45080,-15820,-6580
10655,879,369,-302,-52430,-16240,-4200
10660,879,369,-302,-52430,-16240,-4200
10665,904,344,-286,-57960,-15470,-1190
10670,904,344,-286,-57960,-15470,-1190
10675,929,262,-262,-60060,-13020,2170
10680,929,262,-262,-60060,-13020,2170
10685,976,177,-213,-58030,-10850,4480
10690,976,177,-213,-58030,-10850,4480
10695,1049,114,-173,-54110,-8540,5740
10700,1049,114,-173,-54110,-8540,5740
10705,1124,48,-164,-50050,-4760,6090
10710,1124,48,-164,-50050,-4760,6090
10715,1186,23,-143,-44800,840,4550
10720,1186,23,-143,-44800,840,4550
10725,1266,12,-167,-40740,7560,770
10730,1266,12,-167,-40740,7560,770
10735,1233,50,-156,-34650,16800,-2450
10740,1233,50,-156,-34650,16800,-2450
10745,1102,113,-86,-32270,24990,-6300
10750,1102,113,-86,-32270,24990,-6300
10755,1017,60,-81,-39970,26810,-10780
10760,1017,60,-81,-39970,26810,-10780
10765,978,-56,-111,-38920,25830,-18130
10770,978,-56,-111,-38920,25830,-18130
10775,738,17,55,-24640,15750,-17920
10780,738,17,55,-24640,15750,-17920
10785,787,40,4,-28000,-4900,-20440
10790,787,40,4,-28000,-4900,-20440
10795,889,-1,-124,-32410,-20300,-21980
10800,889,-1,-124,-27370,-27230,-21560
10805,979,-6,-180,-27370,-27230,-21560
10810,1033,17,-220,-20580,-28000,-21770
10815,1033,17,-220,-20580,-28000,-21770
10820,1045,69,-228,-15400,-24990,-22120
10825,1045,69,-228,-15400,-24990,-22120
10830,1057,103,-224,-13510,-20650,-23030
10835,1057,103,-224,-13510,-20650,-23030
10840,1028,117,-203,-14140,-15680,-23800
10845,1028,117,-203,-14140,-15680,-23800
10850,1006,118,-188,-15610,-11200,-25130
10855,1006,118,-188,-15610,-11200,-25130
10860,975,113,-180,-15960,-7630,-25620
10865,975,113,-180,-15960,-7630,-25620
10870,917,101,-167,-14980,-4690,-24360
10875,917,101,-167,-14980,-4690,-24360
10880,867,97,-155,-13300,-4340,-22470
10885,867,97,-155,-13300,-4340,-22470
10890,847,91,-146,-11690,-6230,-20720
10895,847,91,-146,-11690,-6230,-20720
10900,854,81,-143,-10360,-10010,-18900
10905,854,81,-143,-10360,-10010,-18900
10910,893,66,-151,-8890,-14210,-17850
10915,893,66,-151,-8890,-14210,-17850
10920,943,56,-147,-7210,-16590,-17080
10925,943,56,-147,-7210,-16590,-17080
10930,1009,55,-161,-6370,-17150,-17080
10935,1009,55,-161,-6370,-17150,-17080
10940,1020,47,-183,-5460,-13790,-17080
10945,1020,47,-183,-5460,-13790,-17080
10950,978,51,-156,-2380,-10430,-15890
10955,978,51,-156,-2380,-10430,-15890
10960,965,70,-137,210,-9870,-16100
10965,965,70,-137,210,-9870,-16100
10970,953,97,-129,2030,-10150,-16100
10975,953,97,-129,2030,-10150,-16100
10980,959,124,-129,2660,-9380,-15890
10985,959,124,-129,2660,-9380,-15890
10990,937,112,-135,2030,-7700,-14420
10995,937,112,-135,2030,-7700,-14420
11000,930,98,-133,2310,-6650,-12950
11005,930,98,-133,2310,-6650,-12950
11010,891,98,-114,3360,-7560,-10640
11015,891,98,-114,3360,-7560,-10640
11020,879,47,-132,4760,-11760,-7910
11025,879,47,-132,4760,-11760,-7910
11030,883,44,-117,11760,-16870,-6720
11035,883,44,-117,11760,-16870,-6720
11040,894,75,-93,18690,-21910,-6090
11045,894,75,-93,22400,-27020,-5460
11050,908,86,-101,22400,-27020,-5460
11055,958,80,-134,22330,-31360,-5600
11060,958,80,-134,22330,-31360,-5600
11065,1027,54,-173,22190,-31710,-6440
11070,1027,54,-173,22190,-31710,-6440
11075,1080,46,-186,24780,-27370,-7000
11080,1080,46,-186,24780,-27370,-7000
11085,1057,45,-163,28280,-20230,-7350
11090,1057,45,-163,28280,-20230,-7350
11095,1007,65,-127,31360,-15820,-7630
11100,1007,65,-127,31360,-15820,-7630
11105,999,91,-116,32130,-15470,-8050
11110,999,91,-116,32130,-15470,-8050
11115,1018,96,-134,31150,-15540,-8820
11120,1018,96,-134,31150,-15540,-8820
11125,1044,103,-147,30730,-14420,-10080
11130,1044,103,-147,30730,-14420,-10080
11135,1029,130,-153,30450,-13160,-10920
11140,1029,130,-153,30450,-13160,-10920
11145,995,147,-202,29330,-14140,-11410
11150,995,147,-202,29330,-14140,-11410
11155,973,238,-254,28630,-18760,-10780
11160,973,238,-254,28630,-18760,-10780
11165,971,374,-287,25760,-25900,-9730
11170,971,374,-287,25760,-25900,-9730
11175,1040,443,-332,18760,-35490,-9800
11180,1040,443,-332,18760,-35490,-9800
11185,1258,405,-399,10990,-44800,-10010
11190,1258,405,-399,10990,-44800,-10010
11195,1552,347,-470,3990,-43820,-9380
11200,1552,347,-470,3990,-43820,-9380
11205,1710,318,-517,210,-29120,-7070
11210,1710,318,-517,210,-29120,-7070
11215,1709,348,-559,-210,-11270,-5810
11220,1709,348,-559,-210,-11270,-5810
11225,1655,339,-579,-2380,420,-5320
11230,1655,339,-579,-2380,420,-5320
11235,1631,211,-569,-5320,6370,-4480
11240,1631,211,-569,-5320,6370,-4480
11245,1573,90,-540,-2520,10850,-2450
11250,1573,90,-540,-2520,10850,-2450
11255,1415,71,-483,6510,14490,2450
11260,1415,71,-483,6510,14490,2450
11265,1262,87,-472,13930,14630,6300
11270,1262,87,-472,13930,14630,6300
11275,1132,49,-539,21910,6300,10990
11280,1132,49,-539,21910,6300,10990
11285,1029,53,-622,35210,-10080,17780
11290,1029,53,-622,47950,-25900,23660
11295,1024,71,-670,47950,-25900,23660
11300,957,40,-672,58730,-36050,28560
11305,957,40,-672,58730,-36050,28560
11310,867,-4,-618,67970,-44870,32060
11315,867,-4,-618,67970,-44870,32060
11320,830,-66,-579,70210,-49700,32200
11325,830,-66,-579,70210,-49700,32200
11330,803,-101,-526,64960,-47110,31010
11335,803,-101,-526,64960,-47110,31010
11340,801,-114,-476,53620,-39900,28840
11345,801,-114,-476,53620,-39900,28840
11350,823,-140,-481,42070,-31990,25620
11355,823,-140,-481,42070,-31990,25620
11360,930,-124,-504,38010,-23310,20090
11365,930,-124,-504,38010,-23310,20090
11370,979,-60,-492,40460,-9870,15190
11375,979,-60,-492,40460,-9870,15190
11380,916,6,-439,42840,6650,12740
11385,916,6,-439,42840,6650,12740
11390,812,28,-382,43750,17710,11480
11395,812,28,-382,43750,17710,11480
11400,725,43,-325,46060,19390,9730
11405,725,43,-325,46060,19390,9730
11410,694,57,-269,48090,13860,8050
11415,694,57,-269,48090,13860,8050
11420,716,55,-240,47180,4900,6790
11425,716,55,-240,47180,4900,6790
11430,785,20,-268,43750,-3360,6020
11435,785,20,-268,43750,-3360,6020
11440,881,-30,-330,41440,-8890,5810
11445,881,-30,-330,41440,-8890,5810
11450,958,-66,-389,41230,-9380,5880
11455,958,-66,-389,41230,-9380,5880
11460,962,-84,-405,41720,-3850,6440
11465,962,-84,-405,41720,-3850,6440
11470,905,-77,-376,41300,3780,6790
11475,905,-77,-376,41300,3780,6790
11480,838,-77,-347,38220,10360,6370
11485,838,-77,-347,38220,10360,6370
11490,718,-78,-305,36330,13300,6300
11495,718,-78,-305,36330,13300,6300
11500,624,-58,-258,38010,9170,7000
11505,624,-58,-258,38010,9170,7000
11510,654,33,-224,37310,1260,6230
11515,654,33,-224,37310,1260,6230
11520,625,45,-230,33110,-5460,9450
11525,625,45,-230,32760,-12390,11130
11530,627,52,-239,32760,-12390,11130
11535,654,52,-238,33530,-19810,11970
11540,654,76,-238,33530,-19810,11970
11545,714,96,-246,31010,-24920,12600
11550,714,96,-246,31010,-24920,12600
11555,742,91,-279,25340,-24290,14770
11560,742,91,-279,25340,-24290,14770
11565,712,50,-288,20650,-20370,18200
11570,712,50,-288,20650,-20370,18200
11575,707,17,-266,17150,-16730,19880
11580,707,17,-266,17150,-16730,19880
11585,742,-4,-247,12950,-13720,20650
11590,742,-4,-247,12950,-13720,20650
11595,767,-42,-274,7420,-10360,21630
11600,767,-42,-274,7420,-10360,21630
11605,763,-43,-264,3010,-6510,23450
11610,763,-43,-264,3010,-6510,23450
11615,789,-37,-258,-3990,-2520,24640
11620,789,-37,-258,-3990,-2520,24640
11625,780,-77,-263,-11340,2870,25410
11630,780,-77,-263,-11340,2870,25410
11635,737,-113,-248,-12460,6300,25690
11640,737,-113,-248,-12460,6300,25690
11645,700,-125,-231,-8610,5460,25200
11650,700,-125,-231,-8610,5460,25200
11655,669,-120,-210,-4900,1890,24430
11660,669,-120,-210,-4900,1890,24430
11665,688,-127,-214,-3500,-2870,22890
11670,688,-127,-214,-3500,-2870,22890
11675,686,-149,-216,-3290,-7700,22050
11680,686,-149,-216,-3290,-7700,22050
11685,751,-191,-224,-2870,-12740,20860
11690,751,-191,-224,-2870,-12740,20860
11695,897,-231,-268,-3080,-12670,17710
11700,897,-231,-268,-3080,-12670,17710
11705,920,-270,-296,-2100,-5460,15680
11710,920,-270,-296,-2100,-5460,15680
11715,836,-265,-269,2100,980,14770
11720,836,-265,-269,2100,980,14770
11725,801,-240,-249,6580,1260,12320
11730,801,-240,-249,6580,1260,12320
11735,838,-202,-248,9100,-1050,8540
11740,838,-202,-248,9100,-1050,8540
11745,913,-139,-235,9450,-1120,4760
11750,913,-139,-235,9450,-1120,4760
11755,986,-88,-231,7210,2380,1260
11760,986,-88,-231,7210,2380,1260
11765,1023,-47,-227,3500,8190,-1680
11770,1023,-47,-227,-70,13790,-4550
11775,1024,-48,-240,-70,13790,-4550
11780,1002,-84,-267,-1680,17290,-6790
11785,1002,-84,-267,-1680,17290,-6790
11790,983,-125,-293,0,18690,-7980
11795,983,-125,-293,0,18690,-7980
11800,976,-150,-315,4200,17220,-7700
11805,976,-150,-315,4200,17220,-7700
11810,992,-138,-320,9170,13930,-6300
11815,992,-138,-320,9170,13930,-6300
11820,1012,-72,-299,11830,11900,-3990
11825,1012,-72,-299,11830,11900,-3990
11830,1017,-53,-288,10570,10710,-1120
11835,1017,-53,-288,10570,10710,-1120
11840,995,-136,-340,10150,7280,2520
11845,995,-136,-340,10150,7280,2520
11850,1001,-244,-403,16310,-140,5950
11855,1001,-244,-403,16310,-140,5950
11860,1030,-258,-437,26250,-9870,9660
11865,1030,-258,-437,26250,-9870,9660
11870,1098,-224,-474,32690,-20160,15400
11875,1098,-224,-474,32690,-20160,15400
11880,1253,-147,-505,36750,-28420,20090
11885,1253,-147,-505,36750,-28420,20090
11890,1435,-50,-502,38500,-30310,24570
11895,1435,-50,-502,38500,-30310,24570
11900,1537,-7,-549,35280,-25130,28910
11905,1537,-7,-549,35280,-25130,28910
11910,1578,-36,-594,30310,-12530,29120
11915,1578,-36,-594,30310,-12530,29120
11920,1605,-131,-561,27930,2450,25620
11925,1605,-131,-561,27930,2450,25620
11930,1590,-274,-479,27510,15610,21070
11935,1590,-274,-479,27510,15610,21070
11940,1562,-389,-429,23730,24920,14070
11945,1562,-389,-429,23730,24920,14070
11950,1475,-420,-422,14350,30800,4970
11955,1475,-420,-422,14350,30800,4970
11960,1325,-362,-505,910,29890,-6440
11965,1325,-362,-505,910,29890,-6440
11970,1206,-218,-560,-12950,23100,-19040
11975,1206,-218,-560,-12950,23100,-19040
11980,1116,-68,-584,-25620,16660,-29610
11985,1116,-68,-584,-25620,16660,-29610
11990,1018,60,-592,-36890,14210,-36120
11995,1018,60,-592,-36890,14210,-36120
12000,937,146,-582,-47320,13020,-37030
12005,937,146,-582,-47320,13020,-37030
12010,870,179,-531,-55230,13090,-33810
12015,870,179,-531,-59010,14420,-29470
12020,772,176,-443,-59010,14420,-29470
12025,683,152,-351,-60760,13230,-26040
12030,683,152,-351,-60760,13230,-26040
12035,637,107,-276,-62580,8260,-24780
12040,637,107,-276,-62580,8260,-24780
12045,628,-8,-262,-66500,-70,-26250
12050,628,-8,-262,-66500,-70,-26250
12055,691,-164,-285,-68600,-10990,-30450
12060,691,-164,-285,-68600,-10990,-30450
12065,838,-304,-335,-62370,-20510,-36050
12070,838,-304,-335,-62370,-20510,-36050
12075,981,-369,-400,-49000,-23940,-41230
12080,981,-369,-400,-49000,-23940,-41230
12085,1020,-389,-470,-37940,-20020,-44380
12090,1020,-389,-470,-37940,-20020,-44380
12095,1037,-371,-520,-29680,-10990,-46410
12100,1037,-371,-520,-29680,-10990,-46410
12105,990,-267,-479,-21280,2800,-45920
12110,990,-267,-479,-21280,2800,-45920
12115,857,-130,-362,-14070,15330,-42210
12120,857,-130,-362,-14070,15330,-42210
12125,697,-52,-308,-13370,21140,-39410
12130,697,-52,-308,-13370,21140,-39410
12135,634,191,-115,-7980,16660,-38430
12140,634,191,-115,-7980,16660,-38430
12145,505,281,-104,-29050,4970,-28350
12150,505,281,-104,-29050,4970,-28350
12155,465,99,-239,-40670,-10570,-20930
12160,465,99,-239,-40670,-10570,-20930
12165,564,85,-237,-23100,-27650,-23660
12170,564,85,-237,-23100,-27650,-23660
12175,663,132,-216,-12040,-35350,-25270
12180,663,132,-216,-12040,-35350,-25270
12185,705,133,-236,-13790,-35840,-23730
12190,705,133,-236,-13790,-35840,-23730
12195,733,87,-287,-19950,-32760,-21210
12200,733,87,-287,-19950,-32760,-21210
12205,698,-20,-335,-22120,-27300,-18550
12210,698,-20,-335,-22120,-27300,-18550
12215,676,-71,-344,-15400,-23800,-18060
12220,676,-71,-344,-15400,-23800,-18060
12225,671,-5,-302,-10920,-21770,-18130
12230,671,-5,-302,-10920,-21770,-18130
12235,742,-37,-355,-21910,-17360,-18340
12240,742,-37,-355,-21910,-17360,-18340
12245,734,-102,-383,-26530,-6370,-19040
12250,734,-102,-383,-26530,-6370,-19040
12255,693,-68,-306,-21140,4270,-22470
12260,693,-68,-306,-19250,8750,-25690
12265,631,-24,-242,-19250,8750,-25690
12270,634,-38,-247,-20300,6720,-28070
12275,634,-38,-247,-20300,6720,-28070
12280,659,6,-236,-17080,210,-29470
12285,659,6,-236,-17080,210,-29470
12290,710,18,-236,-14700,-8750,-27720
12295,710,18,-236,-14700,-8750,-27720
12300,744,32,-234,-9940,-15260,-24360
12305,744,32,-234,-9940,-15260,-24360
12310,743,63,-216,-4410,-19180,-21070
12315,743,63,-216,-4410,-19180,-21070
12320,747,105,-208,-1540,-21840,-18900
12325,747,105,-208,-1540,-21840,-18900
12330,764,175,-213,-2450,-23520,-16940
12335,764,175,-213,-2450,-23520,-16940
12340,797,229,-251,-7210,-23800,-15470
12345,797,229,-251,-7210,-23800,-15470
12350,840,263,-291,-13020,-21980,-14490
12355,840,263,-291,-13020,-21980,-14490
12360,886,284,-330,-19180,-18690,-14350
12365,886,284,-330,-19180,-18690,-14350
12370,931,272,-367,-24360,-14350,-14350
12375,931,272,-367,-24360,-14350,-14350
12380,965,253,-378,-26110,-9380,-14000
12385,965,253,-378,-26110,-9380,-14000
12390,978,220,-371,-25060,-4200,-12950
12395,978,220,-371,-25060,-4200,-12950
12400,948,168,-351,-21280,140,-10990
12405,948,168,-351,-21280,140,-10990
12410,915,113,-311,-16730,1750,-8470
12415,915,113,-311,-16730,1750,-8470
12420,877,74,-274,-14770,140,-4340
12425,877,74,-274,-14770,140,-4340
12430,874,55,-267,-15820,-3570,-910
12435,874,55,-267,-15820,-3570,-910
12440,873,29,-289,-18130,-6510,2030
12445,873,29,-289,-18130,-6510,2030
12450,883,-25,-322,-17710,-8750,4270
12455,883,-25,-322,-17710,-8750,4270
12460,887,-2,-297,-11270,-10640,4130
12465,887,-2,-297,-11270,-10640,4130
12470,893,47,-259,-8190,-13090,4620
12475,893,47,-259,-8190,-13090,4620
12480,950,74,-264,-10500,-13650,3990
12485,950,74,-264,-10500,-13650,3990
12490,987,99,-259,-10850,-10780,3220
12495,987,99,-259,-9170,-7490,3010
12500,1002,133,-254,-9170,-7490,3010
12505,1020,133,-270,-7560,-5250,3080
12510,1020,169,-270,-7560,-5250,3080
12515,1026,167,-301,-6230,-3850,3850
12520,1026,167,-301,-6230,-3850,3850
12525,1026,141,-336,-3710,-2730,5110
12530,1026,141,-336,-3710,-2730,5110
12535,1006,104,-372,-560,-1330,6650
12540,1006,104,-372,-560,-1330,6650
12545,1000,72,-370,2100,-420,8470
12550,1000,72,-370,2100,-420,8470
12555,1007,76,-346,2100,-350,10220
12560,1007,76,-346,2100,-350,10220
12565,995,117,-381,-2170,-2310,11480
12570,995,117,-381,-2170,-2310,11480
12575,968,137,-487,-9800,-7350,11760
12580,968,137,-487,-9800,-7350,11760
12585,976,101,-584,-15470,-14560,10710
12590,976,101,-584,-15470,-14560,10710
12595,1040,56,-615,-14700,-21490,8470
12600,1040,56,-615,-14700,-21490,8470
12605,1157,4,-595,-9100,-26180,5390
12610,1157,4,-595,-9100,-26180,5390
12615,1270,-77,-588,-1890,-25760,2450
12620,1270,-77,-588,-1890,-25760,2450
12625,1350,-122,-556,7140,-20300,-210
12630,1350,-122,-556,7140,-20300,-210
12635,1367,-166,-568,15260,-13930,-2520
12640,1367,-166,-568,15260,-13930,-2520
12645,1439,-92,-549,23450,-7070,-6300
12650,1439,-92,-549,23450,-7070,-6300
12655,1504,28,-539,26950,2450,-9520
12660,1504,28,-539,26950,2450,-9520
12665,1476,187,-478,33600,10290,-9870
12670,1476,187,-478,33600,10290,-9870
12675,1477,391,-371,40740,9940,-9170
12680,1477,391,-371,40740,9940,-9170
12685,1424,566,-295,36750,6160,-4690
12690,1424,566,-295,36750,6160,-4690
12695,1299,621,-308,23240,910,2870
12700,1299,621,-308,23240,910,2870
12705,1185,555,-417,9310,-7420,9870
12710,1185,555,-417,9310,-7420,9870
12715,1087,421,-556,1330,-16240,17500
12720,1087,421,-556,1330,-16240,17500
12725,968,268,-662,420,-22610,26600
12730,968,268,-662,420,-22610,26600
12735,849,102,-759,5530,-28630,35000
12740,849,102,-759,16730,-34790,40320
12745,797,-90,-827,16730,-34790,40320
12750,803,-226,-816,33740,-37800,43050
12755,803,-226,-816,33740,-37800,43050
12760,869,-315,-752,48930,-35770,42770
12765,869,-315,-752,48930,-35770,42770
12770,1022,-374,-692,56980,-27440,37310
12775,1022,-374,-692,56980,-27440,37310
12780,1095,-416,-598,56910,-12040,30310
12785,1095,-416,-598,56910,-12040,30310
12790,1137,-411,-496,50050,7000,23520
12795,1137,-411,-496,50050,7000,23520
12800,1030,-400,-372,42700,24990,18340
12805,1030,-400,-372,42700,24990,18340
12810,909,-329,-273,41930,37800,10010
12815,909,-329,-273,41930,37800,10010
12820,783,-207,-221,41790,44660,490
12825,783,-207,-221,41790,44660,490
12830,667,-94,-227,39340,43120,-4200
12835,667,-94,-227,39340,43120,-4200
12840,590,11,-239,42280,33460,-4760
12845,590,11,-239,42280,33460,-4760
12850,569,130,-240,49350,18410,-3010
12855,569,130,-240,49350,18410,-3010
12860,574,248,-226,53620,1260,2520
12865,574,248,-226,53620,1260,2520
12870,628,314,-235,51660,-13510,9660
12875,628,314,-235,51660,-13510,9660
12880,710,319,-273,45360,-22330,16030
12885,710,319,-273,45360,-22330,16030
12890,756,265,-298,37800,-24360,22540
12895,756,265,-298,37800,-24360,22540
12900,761,168,-319,30450,-20790,27230
12905,761,168,-319,30450,-20790,27230
12910,745,57,-319,24780,-13300,28490
12915,745,57,-319,24780,-13300,28490
12920,699,-18,-268,20370,-5250,28700
12925,699,-18,-268,20370,-5250,28700
12930,650,-83,-231,15750,140,27860
12935,650,-83,-231,15750,140,27860
12940,586,-130,-245,12530,3360,27020
12945,586,-130,-245,12530,3360,27020
12950,526,-143,-254,13370,2870,27020
12955,526,-143,-254,13370,2870,27020
12960,495,-117,-238,15820,-1890,28000
12965,495,-117,-238,15820,-1890,28000
12970,501,-64,-224,16870,-9590,29260
12975,501,-64,-224,16870,-9590,29260
12980,531,7,-230,15190,-17290,30660
12985,531,7,-230,11900,-23800,32410
12990,604,76,-258,11900,-23800,32410
12995,742,127,-283,9240,-28210,34860
13000,742,127,-283,9240,-28210,34860
13005,828,145,-286,5880,-22400,37310
13010,828,145,-286,5880,-22400,37310
13015,865,111,-306,-1400,-6020,38430
13020,865,111,-306,-1400,-6020,38430
13025,845,30,-345,-9240,12600,38500
13030,845,30,-345,-9240,12600,38500
13035,809,-80,-341,-14770,27790,37310
13040,809,-80,-341,-14770,27790,37310
13045,768,-180,-333,-18410,35700,35490
13050,768,-180,-333,-18410,35700,35490
13055,744,-238,-315,-20370,36120,33670
13060,744,-238,-315,-20370,36120,33670
13065,744,-273,-288,-22120,30870,32340
13070,744,-273,-288,-22120,30870,32340
13075,774,-315,-279,-23310,21770,31010
13080,774,-315,-279,-23310,21770,31010
13085,830,-331,-281,-22540,12810,29260
13090,830,-331,-281,-22540,12810,29260
13095,875,-336,-288,-20790,7490,27580
13100,875,-336,-288,-20790,7490,27580
13105,899,-364,-307,-19180,4760,25060
13110,899,-364,-307,-19180,4760,25060
13115,943,-410,-354,-17010,2100,21280
13120,943,-410,-354,-17010,2100,21280
13125,1018,-421,-404,-12110,980,16940
13130,1018,-421,-404,-12110,980,16940
13135,1094,-362,-388,-4620,3360,12810
13140,1094,-362,-388,-4620,3360,12810
13145,1109,-303,-364,-350,8890,9100
13150,1109,-303,-364,-350,8890,9100
13155,1072,-270,-348,1120,15470,5390
13160,1072,-270,-348,1120,15470,5390
13165,1018,-200,-288,2520,21000,1960
13170,1018,-200,-288,2520,21000,1960
13175,968,-120,-231,3080,22470,-490
13180,968,-120,-231,3080,22470,-490
13185,944,-61,-203,2940,19320,-2030
13190,944,-61,-203,2940,19320,-2030
13195,931,-43,-197,3010,14070,-2450
13200,931,-43,-197,3010,14070,-2450
13205,950,-86,-234,3360,7490,-2380
13210,950,-86,-234,3360,7490,-2380
13215,973,-153,-269,4410,1260,-2660
13220,973,-153,-269,4410,1260,-2660
13225,1054,-246,-299,4620,-4970,-3850
13230,1054,-246,-299,2310,-10640,-6160
13235,1215,-366,-387,2310,-10640,-6160
13240,1315,-516,-517,2030,-14420,-7350
13245,1315,-516,-517,2030,-14420,-7350
13250,1349,-535,-573,10220,-19390,-7630
13255,1349,-535,-573,10220,-19390,-7630
13260,1438,-405,-576,21560,-24430,-10360
13265,1438,-405,-576,21560,-24430,-10360
13270,1518,-248,-571,28910,-23800,-13300
13275,1518,-248,-571,28910,-23800,-13300
13280,1528,-147,-595,32130,-14420,-16800
13285,1528,-147,-595,32130,-14420,-16800
13290,1505,-103,-609,32200,-420,-20860
13295,1505,-103,-609,32200,-420,-20860
13300,1409,-80,-575,29540,10920,-23310
13305,1409,-80,-575,29540,10920,-23310
13310,1260,-73,-526,24080,16240,-26460
13315,1260,-73,-526,24080,16240,-26460
13320,1085,-125,-459,15190,15120,-29820
13325,1085,-125,-459,15190,15120,-29820
13330,889,-209,-399,5110,8260,-32130
13335,889,-209,-399,5110,8260,-32130
13340,688,-273,-367,-1120,-3360,-34020
13345,688,-273,-367,-1120,-3360,-34020
13350,514,-280,-389,-3080,-18830,-37100
13355,514,-280,-389,-3080,-18830,-37100
13360,456,-208,-448,-2590,-37030,-40950
13365,456,-208,-448,-2590,-37030,-40950
13370,525,-67,-506,-2310,-54880,-42140
13375,525,-67,-506,-2310,-54880,-42140
13380,702,81,-564,-7560,-67340,-37170
13385,702,81,-564,-7560,-67340,-37170
13390,910,178,-606,-16870,-69930,-29120
13395,910,178,-606,-16870,-69930,-29120
13400,1101,166,-634,-25550,-61600,-24080
13405,1101,166,-634,-25550,-61600,-24080
13410,1195,116,-642,-29540,-43610,-24850
13415,1195,116,-642,-29540,-43610,-24850
13420,1193,117,-591,-29120,-21070,-30310
13425,1193,117,-591,-29120,-21070,-30310
13430,1120,151,-505,-30170,-420,-35560
13435,1120,151,-505,-30170,-420,-35560
13440,1003,154,-425,-36820,17080,-38780
13445,1003,154,-425,-36820,17080,-38780
13450,881,86,-401,-43610,28840,-39690
13455,881,86,-401,-43610,28840,-39690
13460,787,55,-353,-45010,33320,-38920
13465,787,55,-353,-47320,31990,-35560
13470,710,-9,-317,-47320,31990,-35560
13475,626,-9,-274,-44730,25340,-30590
13480,626,-99,-274,-44730,25340,-30590
13485,605,-91,-226,-36330,13090,-27860
13490,605,-91,-226,-36330,13090,-27860
13495,637,-51,-229,-33040,1750,-27160
13500,637,-51,-229,-33040,1750,-27160
13505,584,-51,-277,-39060,-6160,-21490
13510,584,-51,-277,-39060,-6160,-21490
13515,624,-169,-373,-37660,-15750,-20370
13520,624,-169,-373,-37660,-15750,-20370
13525,749,-105,-388,-23310,-21000,-28210
13530,749,-105,-388,-23310,-21000,-28210
13535,761,-14,-379,-18270,-17500,-30030
13540,761,-14,-379,-18270,-17500,-30030
13545,708,8,-396,-21490,-11340,-27930
13550,708,8,-396,-21490,-11340,-27930
13555,672,10,-386,-22680,-5880,-26950
13560,672,10,-386,-22680,-5880,-26950
13565,691,4,-365,-21560,-910,-28420
13570,691,4,-365,-21560,-910,-28420
13575,679,-15,-347,-18620,4900,-29260
13580,679,-15,-347,-18620,4900,-29260
13585,647,-5,-296,-12950,9030,-30030
13590,647,-5,-296,-12950,9030,-30030
13595,617,-11,-265,-11060,9100,-29750
13600,617,-11,-265,-11060,9100,-29750
13605,568,-24,-246,-11760,6860,-28070
13610,568,-24,-246,-11760,6860,-28070
13615,542,-45,-238,-11620,560,-26740
13620,542,-45,-238,-11620,560,-26740
13625,589,-30,-232,-8820,-7140,-27650
13630,589,-30,-232,-8820,-7140,-27650
13635,651,-9,-247,-6230,-13090,-27930
13640,651,-9,-247,-6230,-13090,-27930
13645,729,0,-288,-4550,-16030,-28420
13650,729,0,-288,-4550,-16030,-28420
13655,774,10,-323,-1960,-15190,-28420
13660,774,10,-323,-1960,-15190,-28420
13665,793,50,-336,1050,-12810,-28000
13670,793,50,-336,1050,-12810,-28000
13675,810,94,-347,2240,-10500,-27930
13680,810,94,-347,2240,-10500,-27930
13685,853,140,-371,1540,-8330,-27720
13690,853,140,-371,1540,-8330,-27720
13695,908,176,-380,-630,-5320,-26530
13700,908,176,-380,-630,-5320,-26530
13705,945,213,-393,-3010,-700,-23940
13710,945,213,-393,-5320,6020,-21350
13715,947,242,-397,-5320,6020,-21350
13720,924,236,-395,-7770,13300,-18690
13725,924,236,-395,-7770,13300,-18690
13730,885,211,-369,-9380,18410,-15400
13735,885,211,-369,-9380,18410,-15400
13740,860,182,-341,-10080,19810,-12390
13745,860,182,-341,-10080,19810,-12390
13750,830,128,-298,-8820,16800,-9100
13755,830,128,-298,-8820,16800,-9100
13760,855,101,-278,-6790,10710,-7280
13765,855,101,-278,-6790,10710,-7280
13770,897,36,-291,-5530,5460,-5460
13775,897,36,-291,-5530,5460,-5460
13780,913,19,-287,-280,4200,-4480
13785,913,19,-287,-280,4200,-4480
13790,929,48,-268,2660,3710,-1820
13795,929,48,-268,2660,3710,-1820
13800,925,57,-302,2030,4340,770
13805,925,57,-302,2030,4340,770
13810,938,113,-291,7280,4760,1820
13815,938,113,-291,7280,4760,1820
13820,945,183,-244,12530,5180,2590
13825,945,183,-244,12530,5180,2590
13830,935,226,-202,13580,5600,3570
13835,935,226,-202,13580,5600,3570
13840,941,240,-174,11340,5390,4970
13845,941,240,-174,11340,5390,4970
13850,940,229,-167,7210,5390,7140
13855,940,229,-167,7210,5390,7140
13860,909,168,-228,3290,4200,8470
13865,909,168,-228,3290,4200,8470
13870,864,118,-317,3570,-490,8820
13875,864,118,-317,3570,-490,8820
13880,856,99,-345,8400,-8260,8960
13885,856,99,-345,8400,-8260,8960
13890,953,125,-352,10220,-14210,6860
13895,953,125,-352,10220,-14210,6860
13900,999,132,-369,8330,-14770,6020
13905,999,132,-369,8330,-14770,6020
13910,1026,133,-376,6510,-13230,6020
13915,1026,133,-376,6510,-13230,6020
13920,1065,132,-385,4060,-10780,5670
13925,1065,132,-385,4060,-10780,5670
13930,1100,148,-390,2870,-7350,5320
13935,1100,148,-390,2870,-7350,5320
13940,1096,165,-403,1960,-4480,5040
13945,1096,165,-403,1960,-4480,5040
13950,1075,184,-422,490,-4270,4200
13955,1075,184,-422,-2870,-6650,3080
13960,1079,197,-435,-2870,-6650,3080
13965,1118,195,-428,-8330,-8260,1960
13970,1118,195,-428,-8330,-8260,1960
13975,1176,150,-451,-14490,-8960,1610
13980,1176,150,-451,-14490,-8960,1610
13985,1301,145,-474,-19180,-9100,1050
13990,1301,145,-474,-19180,-9100,1050
13995,1429,136,-514,-25410,-5530,420
14000,1429,136,-514,-25410,-5530,420
14005,1524,130,-540,-28910,980,-630
14010,1524,130,-540,-28910,980,-630
14015,1574,116,-555,-26950,7910,-2730
14020,1574,116,-555,-26950,7910,-2730
14025,1564,106,-546,-20650,12670,-4340
14030,1564,106,-546,-20650,12670,-4340
14035,1494,65,-522,-13720,13860,-2940
14040,1494,65,-522,-13720,13860,-2940
14045,1389,-5,-534,-7560,12880,770
14050,1389,-5,-534,-7560,12880,770
14055,1220,-44,-579,-560,11620,5530
14060,1220,-44,-579,-560,11620,5530
14065,1019,-40,-624,7000,7560,9870
14070,1019,-40,-624,7000,7560,9870
14075,858,-27,-658,15330,-2240,14910
14080,858,-27,-658,15330,-2240,14910
14085,755,-29,-670,24010,-14630,20720
14090,755,-29,-670,24010,-14630,20720
14095,722,-34,-657,32130,-24780,24990
14100,722,-34,-657,32130,-24780,24990
14105,769,-61,-627,39900,-28770,25760
14110,769,-61,-627,39900,-28770,25760
14115,815,-93,-543,48440,-28980,25760
14120,815,-93,-543,48440,-28980,25760
14125,934,-96,-484,51240,-28140,25410
14130,934,-96,-484,51240,-28140,25410
14135,1068,-117,-478,46410,-20090,25620
14140,1068,-117,-478,46410,-20090,25620
14145,1126,-153,-458,42000,-3920,25410
14150,1126,-153,-458,42000,-3920,25410
14155,1127,-156,-400,41370,14980,23100
14160,1127,-156,-400,41370,14980,23100
14165,1042,-148,-334,40250,31780,19670
14170,1042,-148,-334,40250,31780,19670
14175,886,-126,-289,36400,42140,15400
14180,886,-126,-289,36400,42140,15400
14185,770,-93,-263,30240,43680,10850
14190,770,-93,-263,30240,43680,7490
14195,680,-21,-194,23030,38640,7490
14200,680,-21,-194,14280,29470,6160
14205,640,40,-163,14280,29470,6160
14210,597,77,-166,9940,16170,7700
14215,597,77,-166,9940,16170,7700
14220,573,84,-190,15260,-350,10360
14225,573,84,-190,15260,-350,10360
14230,524,111,-183,25620,-20370,15960
14235,524,111,-183,25620,-20370,15960
14240,750,117,-255,32480,-35770,18690
14245,750,117,-255,32480,-35770,18690
14250,877,124,-314,31990,-34720,21560
14255,877,124,-314,31990,-34720,21560
14260,819,11,-391,27300,-24920,26040
14265,819,11,-391,27300,-24920,26040
14270,788,-72,-385,30520,-16520,27510
14275,788,-72,-385,30520,-16520,27510
14280,782,-86,-340,34580,-10010,25200
14285,782,-86,-340,34580,-10010,25200
14290,778,-72,-322,31920,-3920,22540
14295,778,-72,-322,31920,-3920,22540
14300,808,-53,-311,26670,3710,19740
14305,808,-53,-311,26670,3710,19740
14310,815,-17,-293,21420,14350,17360
14315,815,-17,-293,21420,14350,17360
14320,740,7,-258,17150,24360,16450
14325,740,7,-258,17150,24360,16450
14330,636,20,-228,13720,27930,16590
14335,636,20,-228,13720,27930,16590
14340,605,9,-236,10570,23380,17360
14345,605,9,-236,10570,23380,17360
14350,626,35,-224,11760,17150,18270
14355,626,35,-224,11760,17150,18270
14360,650,86,-206,12390,10640,20650
14365,650,86,-206,12390,10640,20650
14370,739,111,-223,8260,5040,24080
14375,739,111,-223,8260,5040,24080
14380,806,94,-255,3220,3080,27720
14385,806,94,-255,3220,3080,27720
14390,800,63,-236,-630,4760,31990
14395,800,63,-236,-630,4760,31990
14400,825,45,-226,-5180,5810,33740
14405,825,45,-226,-5180,5810,33740
14410,866,28,-225,-9030,7700,33180
14415,866,28,-225,-9030,7700,33180
14420,852,-8,-229,-13370,10640,32760
14425,852,-8,-229,-13370,10640,32760
14430,840,-73,-244,-17010,11270,32550
14435,840,-73,-244,-17220,9870,32060
14440,859,-145,-262,-17220,9870,32060
14445,880,-145,-255,-14630,8610,31710
14450,880,-178,-255,-14630,8610,31710
14455,881,-201,-230,-14280,7700,32060
14460,881,-201,-230,-14280,7700,32060
14465,911,-251,-230,-15750,6790,32060
14470,911,-251,-230,-15750,6790,32060
14475,915,-279,-225,-15470,6020,31780
14480,915,-279,-225,-15470,6020,31780
14485,937,-277,-232,-14770,5110,30170
14490,937,-277,-232,-14770,5110,30170
14495,955,-280,-246,-11900,5880,26880
14500,955,-280,-246,-11900,5880,26880
14505,924,-266,-244,-6650,8330,23030
14510,924,-266,-244,-6650,8330,23030
14515,899,-224,-199,-280,9590,19180
14520,899,-224,-199,-280,9590,19180
14525,881,-242,-208,4830,8330,15190
14530,881,-242,-208,4830,8330,15190
14535,884,-285,-283,11830,4760,11130
14540,884,-285,-283,11830,4760,11130
14545,939,-261,-298,22260,910,7630
14550,939,-261,-298,22260,910,7630
14555,1008,-208,-256,30870,-1260,6720
14560,1008,-208,-256,30870,-1260,6720
14565,1076,-125,-237,33250,-2240,8050
14570,1076,-125,-237,33250,-2240,8050
14575,1161,-39,-223,29400,-1190,10220
14580,1161,-39,-223,29400,-1190,10220
14585,1208,-14,-260,22540,3360,11620
14590,1208,-14,-260,22540,3360,11620
14595,1190,-24,-317,14700,7840,10780
14600,1190,-24,-317,14700,7840,10780
14605,1220,-101,-421,3640,7770,7210
14610,1220,-101,-421,3640,7770,7210
14615,1338,-169,-447,-6650,6230,2590
14620,1338,-169,-447,-6650,6230,2590
14625,1410,-276,-452,-17220,9590,-2100
14630,1410,-276,-452,-17220,9590,-2100
14635,1392,-393,-443,-21070,15610,-7840
14640,1392,-393,-443,-21070,15610,-7840
14645,1326,-481,-404,-15260,17080,-13160
14650,1326,-481,-404,-15260,17080,-13160
14655,1300,-508,-377,-1750,13230,-17640
14660,1300,-508,-377,-1750,13230,-17640
14665,1321,-524,-406,10640,8890,-21140
14670,1321,-524,-406,10640,8890,-21140
14675,1372,-584,-405,21350,6020,-21280
14680,1372,-584,-405,33390,1820,-17570
14685,1411,-592,-317,33390,1820,-17570
14690,1404,-498,-247,41160,-3290,-15540
14695,1404,-498,-247,41160,-3290,-15540
14700,1357,-367,-275,40600,-3430,-18900
14705,1357,-367,-275,40600,-3430,-18900
14710,1214,-228,-320,39410,350,-24150
14715,1214,-228,-320,39410,350,-24150
14720,976,-106,-351,39480,420,-29260
14725,976,-106,-351,39480,420,-29260
14730,725,-49,-393,35840,-6440,-34860
14735,725,-49,-393,35840,-6440,-34860
14740,560,-24,-444,27580,-18970,-40320
14745,560,-24,-444,27580,-18970,-40320
14750,508,-25,-493,17080,-34300,-42280
14755,508,-25,-493,17080,-34300,-42280
14760,534,-29,-525,5950,-45850,-38850
14765,534,-29,-525,5950,-45850,-38850
14770,624,41,-524,-5530,-53060,-32620
14775,624,41,-524,-5530,-53060,-32620
14780,801,172,-548,-17710,-59500,-27230
14785,801,172,-548,-17710,-59500,-27230
14790,1000,286,-634,-27930,-60130,-24640
14795,1000,286,-634,-27930,-60130,-24640
14800,1159,442,-651,-34370,-45430,-25620
14805,1159,442,-651,-34370,-45430,-25620
14810,1182,565,-587,-42350,-20650,-25200
14815,1182,565,-587,-42350,-20650,-25200
14820,1087,549,-477,-54460,4410,-23310
14825,1087,549,-477,-54460,4410,-23310
14830,970,402,-389,-66220,21700,-21490
14835,970,402,-389,-66220,21700,-21490
14840,851,177,-355,-73150,30870,-18830
14845,851,177,-355,-73150,30870,-18830
14850,827,-99,-358,-73500,35910,-14770
14855,827,-99,-358,-73500,35910,-14770
14860,705,-237,-249,-72590,42280,-14210
14865,705,-237,-249,-72590,42280,-14210
14870,551,-356,-167,-70910,39900,-13160
14875,551,-356,-167,-70910,39900,-13160
14880,387,-474,-176,-73990,25200,-13160
14885,387,-474,-176,-73990,25200,-13160
14890,369,-513,-151,-62020,4060,-14350
14895,369,-513,-151,-62020,4060,-14350
14900,397,-467,-154,-43470,-15820,-20230
14905,397,-467,-154,-43470,-15820,-20230
14910,424,-317,-157,-22820,-36890,-24640
14915,424,-317,-157,-22820,-36890,-24640
14920,654,-126,-245,-11900,-50890,-35770
14925,654,-126,-245,-7980,-44590,-43120
14930,859,89,-321,-7980,-44590,-43120
14935,914,202,-380,-9310,-23870,-42560
14940,914,202,-380,-9310,-23870,-42560
14945,855,254,-337,-6370,-1470,-38640
14950,855,254,-337,-6370,-1470,-38640
14955,734,236,-252,-4270,12530,-33880
14960,734,236,-252,-4270,12530,-33880
14965,664,182,-196,-7070,16730,-31570
14970,664,182,-196,-7070,16730,-31570
14975,639,142,-172,-12810,14350,-29750
14980,639,142,-172,-12810,14350,-29750
14985,615,85,-178,-20300,10920,-27790
14990,615,85,-178,-20300,10920,-27790
14995,595,15,-176,-25270,6370,-27020
15000,595,15,-176,-25270,6370,-27020
15005,570,-30,-175,-28070,-840,-26530
15010,570,-30,-175,-28070,-840,-26530
15015,614,-56,-201,-30240,-11550,-25760
15020,614,-56,-201,-30240,-11550,-25760
15025,709,-57,-253,-29050,-21490,-26180
15030,709,-57,-253,-29050,-21490,-26180
15035,794,-49,-311,-24080,-27230,-27160
15040,794,-49,-311,-24080,-27230,-27160
15045,901,-18,-347,-16800,-27650,-27930
15050,901,-18,-347,-16800,-27650,-27930
15055,965,6,-361,-10570,-22540,-27230
15060,965,6,-361,-10570,-22540,-27230
15065,1032,33,-344,-6440,-13230,-27790
15070,1032,33,-344,-6440,-13230,-27790
15075,1031,109,-293,-5880,-910,-28420
15080,1031,109,-293,-5880,-910,-28420
15085,957,106,-276,-9660,9520,-26530
15090,957,106,-276,-9660,9520,-26530
15095,1002,199,-248,-14840,16660,-29260
15100,1002,199,-248,-14840,16660,-29260
15105,1009,195,-274,-22890,24920,-32130
15110,1009,195,-274,-22890,24920,-32130
15115,892,283,-178,-23310,26390,-30450
15120,892,283,-178,-23310,26390,-30450
15125,886,210,-244,-33460,18830,-25830
15130,886,210,-244,-33460,18830,-25830
15135,955,142,-252,-28980,13510,-22610
15140,955,142,-252,-28980,13510,-22610
15145,987,148,-212,-18270,10920,-19180
15150,987,148,-212,-18270,10920,-19180
15155,968,127,-180,-12880,8260,-13930
15160,968,127,-180,-12880,8260,-8820
15165,931,100,-160,-9520,5110,-8820
15170,931,100,-160,-7630,1680,-4130
15175,866,62,-151,-7630,1680,-4130
15180,783,40,-131,-4620,-2730,-350
15185,783,40,-131,-4620,-2730,-350
15190,759,56,-119,-4340,-8540,1120
15195,759,56,-119,-4340,-8540,1120
15200,699,14,-151,-4410,-15540,3920
15205,699,14,-151,-4410,-15540,3920
15210,767,51,-134,630,-28000,4130
15215,767,51,-134,630,-28000,4130
15220,909,26,-225,-6160,-37870,3290
15225,909,26,-225,-6160,-37870,3290
15230,1092,-57,-316,-5670,-38010,2170
15235,1092,-57,-316,-5670,-38010,2170
15240,1166,-31,-340,4130,-30240,560
15245,1166,-31,-340,4130,-30240,560
15250,1085,20,-352,13720,-21560,770
15255,1085,20,-352,13720,-21560,770
15260,971,129,-342,21210,-19320,910
15265,971,129,-342,21210,-19320,910
15270,868,293,-297,23240,-24220,2240
15275,868,293,-297,23240,-24220,2240
15280,901,402,-330,16240,-34510,3990
15285,901,402,-330,16240,-34510,3990
15290,1035,398,-401,6510,-41440,4060
15295,1035,398,-401,6510,-41440,4060
15300,1193,302,-434,210,-45430,4340
15305,1193,302,-434,210,-45430,4340
15310,1392,126,-461,-6860,-47810,3990
15315,1392,126,-461,-6860,-47810,3990
15320,1638,-4,-523,-13580,-43260,2100
15325,1638,-4,-523,-13580,-43260,2100
15330,1881,-74,-637,-15260,-23800,-2170
15335,1881,-74,-637,-15260,-23800,-2170
15340,1933,-43,-684,-8330,7980,-6300
15345,1933,-43,-684,-8330,7980,-6300
15350,1754,22,-689,-2730,36470,-6930
15355,1754,22,-689,-2730,36470,-6930
15360,1491,59,-708,-420,49700,-5460
15365,1491,59,-708,-420,49700,-5460
15370,1266,95,-622,5180,47530,-2170
15375,1266,95,-622,5180,47530,-2170
15380,1137,210,-490,14000,36400,1610
15385,1137,210,-490,14000,36400,1610
15390,1026,252,-422,18200,20930,7140
15395,1026,252,-422,18200,20930,7140
15400,879,187,-433,19670,1890,16730
15405,879,187,-433,25410,-19670,27020
15410,773,48,-479,25410,-19670,27020
15415,724,48,-513,36120,-39480,34300
15420,724,-109,-513,36120,-39480,34300
15425,750,-192,-517,49140,-54670,36330
15430,750,-192,-517,49140,-54670,36330
15435,836,-165,-518,60410,-61040,33880
15440,836,-165,-518,60410,-61040,33880
15445,882,-70,-521,66710,-56140,30170
15450,882,-70,-521,66710,-56140,30170
15455,951,14,-547,65800,-44800,27370
15460,951,14,-547,65800,-44800,27370
15465,1040,63,-555,58170,-26600,24080
15470,1040,63,-555,58170,-26600,24080
15475,1155,56,-536,48720,-4900,22190
15480,1155,56,-536,48720,-4900,22190
15485,1110,26,-448,39760,19390,20020
15490,1110,26,-448,39760,19390,20020
15495,838,-9,-279,28840,29750,25130
15500,838,-9,-279,28840,29750,25130
15505,845,1,-235,19600,24570,21350
15510,845,1,-235,19600,24570,21350
15515,908,0,-286,14280,19600,16450
15520,908,0,-286,14280,19600,16450
15525,833,-11,-303,11970,16240,15330
15530,833,-11,-303,11970,16240,15330
15535,870,-13,-323,14140,11200,11620
15540,870,-13,-323,14140,11200,11620
15545,858,-16,-348,18620,7210,8960
15550,858,-16,-348,18620,7210,8960
15555,795,-61,-358,26250,2450,10500
15560,795,-61,-358,26250,2450,10500
15565,783,-41,-317,34580,-3640,11200
15570,783,-41,-317,34580,-3640,11200
15575,901,-15,-314,33530,-6020,11270
15580,901,-15,-314,33530,-6020,11270
15585,913,-56,-325,26320,-490,14420
15590,913,-56,-325,26320,-490,14420
15595,865,-75,-298,20370,5180,18410
15600,865,-75,-298,20370,5180,18410
15605,832,-73,-270,15120,7000,20230
15610,832,-73,-270,15120,7000,20230
15615,814,-53,-256,13510,6720,19880
15620,814,-53,-256,13510,6720,19880
15625,784,1,-241,14980,6440,18620
15630,784,1,-241,14980,6440,18620
15635,727,58,-219,16450,5180,18410
15640,727,58,-219,16450,5180,18410
15645,700,90,-211,18270,2590,18760
15650,700,90,-211,20230,-1330,19460
15655,678,117,-197,20230,-1330,19460
15660,715,96,-205,17640,-4480,20930
15665,715,96,-205,17640,-4480,20930
15670,731,72,-206,13650,-4060,23310
15675,731,72,-206,13650,-4060,23310
15680,711,57,-207,7630,-3500,26110
15685,711,57,-207,7630,-3500,26110
15690,724,-18,-254,-840,-3500,28210
15695,724,-18,-254,-840,-3500,28210
15700,715,-83,-266,-3290,-2590,29540
15705,715,-83,-266,-3290,-2590,29540
15710,676,-101,-247,-1120,-2590,30100
15715,676,-101,-247,-1120,-2590,30100
15720,633,-102,-228,-840,-4970,30450
15725,633,-102,-228,-840,-4970,30450
15730,638,-117,-227,-910,-9100,31500
15735,638,-117,-227,-910,-9100,31500
15740,714,-69,-236,-4620,-12950,31150
15745,714,-69,-236,-4620,-12950,31150
15750,757,-114,-278,-13650,-11900,30940
15755,757,-114,-278,-13650,-11900,30940
15760,728,-189,-282,-11690,-7420,31780
15765,728,-189,-282,-11690,-7420,31780
15770,702,-233,-275,-1960,-5810,30870
15775,702,-233,-275,-1960,-5810,30870
15780,728,-234,-258,5740,-8470,29330
15785,728,-234,-258,5740,-8470,29330
15790,793,-224,-257,7140,-12250,28700
15795,793,-224,-257,7140,-12250,28700
15800,867,-234,-280,3780,-14000,28980
15805,867,-234,-280,3780,-14000,28980
15810,946,-232,-292,-560,-12320,28630
15815,946,-232,-292,-560,-12320,28630
15820,1011,-227,-296,-4690,-7280,27020
15825,1011,-227,-296,-4690,-7280,27020
15830,1031,-233,-306,-6720,630,24220
15835,1031,-233,-306,-6720,630,24220
15840,980,-236,-319,-5670,10570,20230
15845,980,-236,-319,-5670,10570,20230
15850,926,-212,-284,-2240,18830,15190
15855,926,-212,-284,-2240,18830,15190
15860,868,-182,-215,0,22750,10710
15865,868,-182,-215,0,22750,10710
15870,818,-185,-175,490,19600,7560
15875,818,-185,-175,490,19600,7560
15880,842,-211,-185,1260,12250,4270
15885,842,-211,-185,1260,12250,4270
15890,905,-232,-190,3290,6300,2100
15895,905,-232,-190,4900,2100,1610
15900,948,-237,-206,4900,2100,1610
15905,983,-230,-249,5180,-1470,1330
15910,983,-230,-249,5180,-1470,1330
15915,1024,-168,-285,5040,-4270,-70
15920,1024,-168,-285,5040,-4270,-70
15925,1034,-119,-281,3010,-7140,-770
15930,1034,-119,-281,3010,-7140,-770
15935,1108,-88,-296,-2520,-10500,-2450
15940,1108,-88,-296,-2520,-10500,-2450
15945,1147,-156,-351,-4690,-10920,-4130
15950,1147,-156,-351,-4690,-10920,-4130
15955,1151,-73,-299,140,-12390,-5110
15960,1151,-73,-299,140,-12390,-5110
15965,1143,-62,-341,-8470,-16100,-4340
15970,1143,-62,-341,-8470,-16100,-4340
15975,1166,-151,-419,-18620,-20090,-3500
15980,1166,-151,-419,-18620,-20090,-3500
15985,1201,-222,-454,-19040,-23450,-3710
15990,1201,-222,-454,-19040,-23450,-3710
15995,1276,-247,-508,-13020,-25620,-5390
16000,1276,-247,-508,-13020,-25620,-5390
16005,1377,-236,-608,-8470,-24430,-7490
16010,1377,-236,-608,-8470,-24430,-7490
16015,1404,-293,-702,-6720,-17010,-7980
16020,1404,-293,-702,-6720,-17010,-7980
16025,1369,-380,-749,770,-7910,-8960
16030,1369,-380,-749,770,-7910,-8960
16035,1392,-431,-736,14070,-1750,-12460
16040,1392,-431,-736,14070,-1750,-12460
16045,1471,-412,-651,24990,420,-13860
16050,1471,-412,-651,24990,420,-13860
16055,1514,-324,-543,28000,2100,-13300
16060,1514,-324,-543,28000,2100,-13300
16065,1522,-149,-376,25900,8610,-14210
16070,1522,-149,-376,25900,8610,-14210
16075,1361,10,-244,18760,17360,-14560
16080,1361,10,-244,18760,17360,-14560
16085,1021,56,-261,7630,19740,-15400
16090,1021,56,-261,7630,19740,-15400
16095,703,34,-324,-3570,13370,-18620
16100,703,34,-324,-3570,13370,-18620
16105,483,-17,-374,-13370,-140,-21700
16110,483,-17,-374,-13370,-140,-21700
16115,359,-96,-443,-22470,-17220,-23030
16120,359,-96,-443,-22470,-17220,-23030
16125,359,-167,-498,-29120,-35350,-24010
16130,359,-167,-498,-29120,-35350,-25480
16135,494,-192,-518,-33390,-50890,-25480
16140,494,-192,-518,-36610,-59710,-26810
16145,723,-181,-548,-36610,-59710,-26810
16150,988,-138,-603,-35420,-60340,-28490
16155,988,-138,-603,-35420,-60340,-28490
16160,1349,-123,-695,-27930,-45430,-32550
16165,1349,-123,-695,-27930,-45430,-32550
16170,1323,32,-604,-17080,-9380,-35910
16175,1323,32,-604,-17080,-9380,-35910
16180,1178,131,-485,-8190,26670,-37590
16185,1178,131,-485,-8190,26670,-37590
16190,848,161,-365,-8050,45990,-33180
16195,848,161,-365,-8050,45990,-33180
16200,691,215,-198,-12110,43820,-27090
16205,691,215,-198,-12110,43820,-27090
16210,643,30,-235,-19600,35980,-23100
16215,643,30,-235,-19600,35980,-23100
16220,600,-34,-148,-5740,26320,-24570
16225,600,-34,-148,-5740,26320,-24570
16230,549,-53,-58,0,11830,-23870
16235,549,-53,-58,0,11830,-23870
16240,536,-149,-96,-6930,-7700,-21560
16245,536,-149,-96,-6930,-7700,-21560
16250,611,-228,-198,-10850,-25550,-24220
16255,611,-228,-198,-10850,-25550,-24220
16260,740,-253,-313,-11270,-33670,-30030
16265,740,-253,-313,-11270,-33670,-30030
16270,750,-227,-372,-7700,-30030,-34650
16275,750,-227,-372,-7700,-30030,-34650
16280,686,-158,-351,-980,-22610,-38080
16285,686,-158,-351,-980,-22610,-38080
16290,683,-69,-328,1260,-14770,-43890
16295,683,-69,-328,1260,-14770,-43890
16300,662,3,-311,-2030,-5320,-46200
16305,662,3,-311,-2030,-5320,-46200
16310,646,53,-310,-7210,3990,-46130
16315,646,53,-310,-7210,3990,-46130
16320,570,52,-298,-10500,10290,-41510
16325,570,52,-298,-10500,10290,-41510
16330,510,50,-255,-8750,10290,-37310
16335,510,50,-255,-8750,10290,-37310
16340,496,71,-194,-6440,4830,-35490
16345,496,71,-194,-6440,4830,-35490
16350,495,44,-182,-6860,-2450,-34720
16355,495,44,-182,-6860,-2450,-34720
16360,556,31,-172,-6860,-10430,-36260
16365,556,31,-172,-6860,-10430,-36260
16370,622,28,-194,-9450,-17150,-37240
16375,622,28,-194,-11900,-21000,-39270
16380,722,39,-240,-11900,-21000,-39270
16385,855,39,-299,-14630,-20790,-40740
16390,855,75,-299,-14630,-20790,-40740
16395,984,145,-354,-17640,-13090,-40250
16400,984,145,-354,-17640,-13090,-40250
16405,1068,207,-383,-19950,1540,-39340
16410,1068,207,-383,-19950,1540,-39340
16415,1069,234,-394,-20090,16800,-37940
16420,1069,234,-394,-20090,16800,-37940
16425,1028,249,-376,-17150,26250,-36960
16430,1028,249,-376,-17150,26250,-36960
16435,994,255,-355,-17010,29680,-36610
16440,994,255,-355,-17010,29680,-36610
16445,961,189,-324,-18200,28070,-34790
16450,961,189,-324,-18200,28070,-34790
16455,951,111,-319,-16310,22540,-31500
16460,951,111,-319,-16310,22540,-31500
16465,974,128,-289,-9380,18130,-29400
16470,974,128,-289,-9380,18130,-29400
16475,961,174,-303,-18550,14560,-24150
16480,961,174,-303,-18550,14560,-24150
16485,993,67,-362,-37870,17500,-19250
16490,993,67,-362,-37870,17500,-19250
16495,979,-12,-330,-40110,24010,-16100
16500,979,-12,-330,-40110,24010,-16100
16505,950,-19,-248,-30380,27510,-14280
16510,950,-19,-248,-30380,27510,-14280
16515,883,36,-180,-18130,24780,-11340
16520,883,36,-180,-18130,24780,-11340
16525,842,87,-169,-8750,14280,-8750
16530,842,87,-169,-8750,14280,-8750
16535,807,121,-169,-1680,-2450,-6370
16540,807,121,-169,-1680,-2450,-6370
16545,884,141,-186,3570,-21840,-3850
16550,884,141,-186,3570,-21840,-3850
16555,1039,155,-223,4760,-34300,-1400
16560,1039,155,-223,4760,-34300,-1400
16565,1198,46,-339,4410,-35840,70
16570,1198,46,-339,4410,-35840,70
16575,1263,51,-381,13370,-31220,700
16580,1263,51,-381,13370,-31220,700
16585,1266,35,-422,17710,-25270,3080
16590,1266,35,-422,17710,-25270,3080
16595,1254,67,-433,20580,-21910,4830
16600,1254,67,-433,20580,-21910,4830
16605,1239,153,-428,19880,-21980,6650
16610,1239,153,-428,19880,-21980,6650
16615,1257,235,-441,13650,-24010,7490
16620,1257,235,-441,4970,-27650,7980
16625,1310,241,-508,4970,-27650,7980
16630,1409,213,-568,-770,-30380,8890
16635,1409,213,-568,-770,-30380,8890
16640,1528,216,-611,-2660,-28000,9170
16645,1528,216,-611,-2660,-28000,9170
16650,1580,195,-656,-4060,-17780,9310
16655,1580,195,-656,-4060,-17780,9310
16660,1513,115,-654,-5600,-3150,10850
16665,1513,115,-654,-5600,-3150,10850
16670,1401,57,-606,-6440,8960,11900
16675,1401,57,-606,-6440,8960,11900
16680,1208,-57,-583,-3570,13440,13860
16685,1208,-57,-583,-3570,13440,13860
16690,960,-178,-592,5040,9660,16450
16695,960,-178,-592,5040,9660,16450
16700,804,-216,-583,18410,-700,17430
16705,804,-216,-583,18410,-700,17430
16710,680,-144,-524,31850,-13020,19110
16715,680,-144,-524,31850,-13020,19110
16720,567,-46,-471,39340,-25480,21980
16725,567,-46,-471,39340,-25480,21980
16730,524,6,-477,42700,-37170,22820
16735,524,6,-477,42700,-37170,22820
16740,591,39,-499,46340,-48370,21700
16745,591,39,-499,46340,-48370,21700
16750,761,34,-545,50540,-57260,20440
16755,761,34,-545,50540,-57260,20440
16760,940,26,-577,56070,-59780,21840
16765,940,26,-577,56070,-59780,21840
16770,1077,29,-590,58660,-51800,23030
16775,1077,29,-590,58660,-51800,23030
16780,1144,66,-545,56000,-32480,21910
16785,1144,66,-545,56000,-32480,21910
16790,1108,71,-483,46900,-8120,19600
16795,1108,71,-483,46900,-8120,19600
16800,998,24,-446,35840,12880,17010
16805,998,24,-446,35840,12880,17010
16810,850,-33,-393,28420,24920,14980
16815,850,-33,-393,28420,24920,14980
16820,784,-63,-366,24920,27650,11130
16825,784,-63,-366,24920,27650,11130
16830,757,-45,-364,24640,26810,8330
16835,757,-45,-364,24640,26810,8330
16840,720,-17,-363,25060,24220,8820
16845,720,-17,-363,25060,24220,8820
16850,710,27,-354,25620,18830,10780
16855,710,27,-354,25620,18830,10780
16860,716,80,-345,26530,13510,13020
16865,716,80,-345,27020,9870,14910
16870,719,102,-340,27020,9870,14910
16875,712,94,-340,26040,7630,16520
16880,712,94,-340,26040,7630,16520
16885,724,62,-327,25200,6230,17850
16890,724,62,-327,25200,6230,17850
16895,733,33,-306,24010,5670,19670
16900,733,33,-306,24010,5670,19670
16905,753,-8,-300,22470,5880,21000
16910,753,-8,-300,22470,5880,21000
16915,752,-35,-307,22260,7280,22190
16920,752,-35,-307,22260,7280,22190
16925,725,-42,-302,22820,10850,22610
16930,725,-42,-302,22820,10850,22610
16935,656,-46,-287,22190,14350,23240
16940,656,-46,-287,22190,14350,23240
16945,615,-18,-265,21490,13230,24220
16950,615,-18,-265,21490,13230,24220
16955,683,32,-263,17710,11830,23310
16960,683,32,-263,17710,11830,23310
16965,709,37,-279,11550,13090,24360
16970,709,37,-279,11550,13090,24360
16975,706,43,-259,8400,15960,26250
16980,706,43,-259,8400,15960,26250
16985,713,51,-230,7350,16450,27860
16990,713,51,-230,7350,16450,27860
16995,719,56,-220,4620,14350,29540
17000,719,56,-220,4620,14350,29540
17005,751,46,-227,490,11620,30730
17010,751,46,-227,490,11620,30730
17015,771,35,-237,-3850,12320,32060
17020,771,35,-237,-3850,12320,32060
17025,758,-1,-248,-7280,15820,32130
17030,758,-1,-248,-7280,15820,32130
17035,732,-68,-246,-9800,18480,31640
17040,732,-68,-246,-9800,18480,31640
17045,742,-119,-217,-11690,17920,31360
17050,742,-119,-217,-11690,17920,31360
17055,751,-161,-235,-13090,15680,30800
17060,751,-161,-235,-13090,15680,30800
17065,782,-221,-269,-12950,13020,28140
17070,782,-221,-269,-12950,13020,28140
17075,825,-256,-278,-10360,10990,24640
17080,825,-256,-278,-10360,10990,24640
17085,858,-269,-280,-7840,9520,22190
17090,858,-269,-280,-7840,9520,22190
17095,848,-323,-312,-5460,7350,21700
17100,848,-323,-312,-5460,7350,20440
17105,867,-320,-292,420,5390,20440
17110,867,-320,-292,4130,6580,16450
17115,898,-311,-306,4130,6580,16450
17120,834,-379,-381,6580,8610,12740
17125,834,-379,-381,6580,8610,12740
17130,772,-423,-381,15960,5460,8120
17135,772,-423,-381,15960,5460,8120
17140,831,-402,-347,28350,-3640,2100
17145,831,-402,-347,28350,-3640,2100
17150,962,-358,-355,35770,-11060,-3500
17155,962,-358,-355,35770,-11060,-3500
17160,1055,-293,-372,38920,-11270,-7280
17165,1055,-293,-372,38920,-11270,-7280
17170,1145,-160,-289,39270,-7560,-9870
17175,1145,-160,-289,39270,-7560,-9870
17180,1167,-2,-184,33110,-2870,-10080
17185,1167,-2,-184,33110,-2870,-10080
17190,1044,53,-184,21840,3080,-9450
17195,1044,53,-184,21840,3080,-9450
17200,918,40,-217,13020,4620,-9380
17205,918,40,-217,13020,4620,-9380
17210,862,-17,-280,9380,-280,-8680
17215,862,-17,-280,9380,-280,-8680
17220,868,-80,-329,11410,-7560,-6300
17225,868,-80,-329,11410,-7560,-6300
17230,947,-103,-309,16800,-14210,-2100
17235,947,-103,-309,16800,-14210,-2100
17240,1054,-131,-257,19950,-18480,2800
17245,1054,-131,-257,19950,-18480,2800
17250,1145,-174,-218,18480,-19950,5530
17255,1145,-174,-218,18480,-19950,5530
17260,1181,-229,-229,15610,-19810,5460
17265,1181,-229,-229,15610,-19810,5460
17270,1185,-242,-283,15540,-19600,2450
17275,1185,-242,-283,15540,-19600,2450
17280,1195,-220,-359,17920,-18690,-3220
17285,1195,-220,-359,17920,-18690,-3220
17290,1231,-212,-433,20860,-18550,-8050
17295,1231,-212,-433,20860,-18550,-8050
17300,1325,-197,-485,22610,-19600,-9310
17305,1325,-197,-485,22610,-19600,-9310
17310,1456,-186,-547,21700,-20090,-5880
17315,1456,-186,-547,21700,-20090,-5880
17320,1601,-133,-575,20300,-18620,140
17325,1601,-133,-575,20300,-18620,140
17330,1710,-1,-536,19600,-12740,5740
17335,1710,-1,-536,19600,-12740,5740
17340,1722,105,-497,17010,630,8540
17345,1722,105,-497,11690,18130,8610
17350,1618,76,-480,11690,18130,8610
17355,1462,76,-418,6930,31290,7910
17360,1462,-25,-418,6930,31290,7910
17365,1252,-147,-312,2030,35840,7350
17370,1252,-147,-312,2030,35840,7350
17375,998,-242,-229,-6440,30940,5740
17380,998,-242,-229,-6440,30940,5740
17385,736,-351,-225,-17290,18130,1890
17390,736,-351,-225,-17290,18130,1890
17395,508,-441,-293,-23800,-350,-4760
17400,508,-441,-293,-23800,-350,-4760
17405,374,-454,-405,-23240,-22260,-13510
17410,374,-454,-405,-23240,-22260,-13510
17415,360,-389,-494,-20020,-42350,-21000
17420,360,-389,-494,-20020,-42350,-21000
17425,468,-270,-550,-19180,-58450,-26110
17430,468,-270,-550,-19180,-58450,-26110
17435,682,-133,-600,-21560,-69440,-29680
17440,682,-133,-600,-21560,-69440,-29680
17445,940,5,-667,-25060,-72240,-32900
17450,940,5,-667,-25060,-72240,-32900
17455,1165,115,-700,-27930,-60480,-34510
17460,1165,115,-700,-27930,-60480,-34510
17465,1343,174,-716,-31570,-31780,-35140
17470,1343,174,-716,-31570,-31780,-35140
17475,1234,262,-615,-38360,6790,-33740
17480,1234,262,-615,-38360,6790,-33740
17485,1078,260,-505,-45570,39550,-31570
17490,1078,260,-505,-45570,39550,-31570
17495,764,274,-340,-52150,55440,-26250
17500,764,274,-340,-52150,55440,-26250
17505,560,241,-240,-61110,49980,-18270
17510,560,241,-240,-61110,49980,-18270
17515,543,131,-249,-64890,36750,-14840
17520,543,131,-249,-64890,36750,-14840
17525,455,88,-185,-56700,21490,-9520
17530,455,88,-185,-56700,21490,-9520
17535,411,24,-152,-53270,1610,-5530
17540,411,24,-152,-53270,1610,-5530
17545,511,-107,-219,-53830,-19110,-7630
17550,511,-107,-219,-53830,-19110,-7630
17555,674,-242,-308,-50190,-31010,-14630
17560,674,-242,-308,-50190,-31010,-14630
17565,809,-331,-372,-42000,-32410,-21350
17570,809,-331,-372,-42000,-32410,-21350
17575,875,-355,-388,-32550,-23590,-27580
17580,875,-355,-388,-32550,-23590,-27580
17585,828,-317,-341,-26040,-10710,-31220
17590,828,-317,-341,-24360,-210,-33740
17595,736,-276,-339,-24360,-210,-33740
17600,653,-203,-332,-20440,7980,-37100
17605,653,-203,-332,-20440,7980,-37100
17610,565,-94,-281,-14980,13580,-39690
17615,565,-94,-281,-14980,13580,-39690
17620,441,-13,-225,-10430,12950,-38920
17625,441,-13,-225,-10430,12950,-38920
17630,457,-64,-242,-5040,2800,-38570
17635,457,-64,-242,-5040,2800,-38570
17640,488,134,-103,5950,-11480,-38850
17645,488,134,-103,5950,-11480,-38850
17650,689,95,-190,-13930,-26110,-35350
17655,689,95,-190,-13930,-26110,-35350
17660,863,26,-321,-23450,-24360,-35210
17665,863,26,-321,-23450,-24360,-35210
17670,919,54,-302,-17990,-12180,-34090
17675,919,54,-302,-17990,-12180,-34090
17680,910,99,-280,-17920,2100,-34300
17685,910,99,-280,-17920,2100,-34300
17690,784,98,-262,-17920,9310,-32970
17695,784,98,-262,-17920,9310,-32970
17700,750,95,-290,-15820,5040,-31080
17705,750,95,-290,-15820,5040,-31080
17710,836,104,-310,-9520,1540,-30660
17715,836,104,-310,-9520,1540,-30660
17720,914,145,-307,-3640,2450,-29750
17725,914,145,-307,-3640,2450,-29750
17730,895,172,-304,-4480,2520,-26390
17735,895,172,-304,-4480,2520,-26390
17740,874,175,-297,-9310,-1190,-23030
17745,874,175,-297,-9310,-1190,-23030
17750,869,167,-276,-13090,-5040,-21490
17755,869,167,-276,-13090,-5040,-21490
17760,870,111,-278,-16660,-8470,-20230
17765,870,111,-278,-16660,-8470,-20230
17770,875,66,-285,-17220,-11270,-18270
17775,875,66,-285,-17220,-11270,-18270
17780,873,69,-294,-15540,-14490,-15330
17785,873,69,-294,-15540,-14490,-15330
17790,890,68,-312,-13650,-17920,-12390
17795,890,68,-312,-13650,-17920,-12390
17800,944,133,-284,-11760,-20650,-10850
17805,944,133,-284,-11760,-20650,-10850
17810,1125,117,-364,-16170,-20230,-9660
17815,1125,117,-364,-16170,-20230,-9660
17820,1198,83,-350,-14490,-6580,-10920
17825,1198,83,-350,-14490,-6580,-10920
17830,1141,115,-282,-10500,8190,-10080
17835,1141,115,-282,-12110,18620,-9940
17840,1057,127,-244,-12110,18620,-9940
17845,842,96,-177,-10990,20930,-8540
17850,842,96,-177,-10990,20930,-8540
17855,775,76,-154,-6090,11060,-7980
17860,775,76,-154,-6090,11060,-7980
17865,820,37,-181,-420,-1960,-7770
17870,820,37,-181,-420,-1960,-7770
17875,938,-13,-244,5530,-12810,-7490
17880,938,-13,-244,5530,-12810,-7490
17885,1103,-63,-322,11970,-19110,-7280
17890,1103,-63,-322,11970,-19110,-7280
17895,1286,-112,-391,18480,-18480,-6510
17900,1286,-112,-391,18480,-18480,-6510
17905,1424,-144,-420,26250,-11480,-5600
17910,1424,-144,-420,26250,-11480,-5600
17915,1541,-138,-450,33740,140,-5740
17920,1541,-138,-450,33740,140,-5740
17925,1509,-37,-422,38920,15750,-6860
17930,1509,-37,-422,38920,15750,-6860
17935,1377,110,-382,35350,26670,-6090
17940,1377,110,-382,35350,26670,-6090
17945,1268,263,-396,20580,32340,-4130
17950,1268,263,-396,20580,32340,-4130
17955,1147,382,-441,3990,32970,-1120
17960,1147,382,-441,3990,32970,-1120
17965,1058,490,-446,-4270,25620,2660
17970,1058,490,-446,-4270,25620,2660
17975,1087,610,-418,-4340,10990,5810
17980,1087,610,-418,-4340,10990,5810
17985,1217,700,-412,-5180,-3710,9590
17990,1217,700,-412,-5180,-3710,9590
17995,1329,708,-432,-9100,-11620,15120
18000,1329,708,-432,-9100,-11620,15120
18005,1351,675,-446,-15190,-13720,21000
18010,1351,675,-446,-15190,-13720,21000
18015,1288,470,-525,-25690,-12250,25830
18020,1288,470,-525,-25690,-12250,25830
18025,1185,117,-645,-33250,-8260,30240
18030,1185,117,-645,-33250,-8260,30240
18035,1044,-217,-749,-29750,-4410,32690
18040,1044,-217,-749,-29750,-4410,32690
18045,885,-416,-769,-14070,-4270,32060
18050,885,-416,-769,-14070,-4270,32060
18055,740,-482,-734,3780,-7490,29680
18060,740,-482,-734,3780,-7490,29680
18065,649,-469,-673,15050,-11970,27160
18070,649,-469,-673,15050,-11970,27160
18075,631,-425,-656,19670,-16800,25060
18080,631,-425,-656,24290,-18130,19110
18085,790,-373,-660,24290,-18130,19110
18090,889,-320,-613,37730,-13790,12950
18095,889,-320,-613,37730,-13790,12950
18100,954,-256,-500,58450,-9380,10710
18105,954,-256,-500,58450,-9380,10710
18110,1050,-139,-342,68320,-3220,6860
18115,1050,-139,-342,68320,-3220,6860
18120,836,-103,-238,59710,3780,9590
18125,836,-103,-238,59710,3780,9590
18130,888,-81,-227,47740,5670,4830
18135,888,-81,-227,47740,5670,4830
18140,889,-25,-250,38010,9870,140
18145,889,-25,-250,38010,9870,140
18150,763,47,-245,32340,13510,2660
18155,763,47,-245,32340,13510,2660
18160,674,140,-229,31010,9380,4200
18165,674,140,-229,31010,9380,4200
18170,638,243,-215,32130,-490,6300
18175,638,243,-215,32130,-490,6300
18180,668,286,-232,32270,-11690,9590
18185,668,286,-232,32270,-11690,9590
18190,749,261,-259,31290,-19950,12320
18195,749,261,-259,31290,-19950,12320
18200,819,166,-304,28210,-22120,15190
18205,819,166,-304,28210,-22120,15190
18210,867,69,-314,26040,-19950,17850
18215,867,69,-314,26040,-19950,17850
18220,917,26,-302,24150,-16660,18900
18225,917,26,-302,24150,-16660,18900
18230,926,-16,-335,18480,-10990,19740
18235,926,-16,-335,18480,-10990,19740
18240,904,-56,-354,14280,-2450,19740
18245,904,-56,-354,14280,-2450,19740
18250,887,-76,-353,13370,4830,18900
18255,887,-76,-353,13370,4830,18900
18260,885,-96,-361,15330,11270,17150
18265,885,-96,-361,15330,11270,17150
18270,811,-97,-330,19040,19040,17220
18275,811,-97,-330,19040,19040,17220
18280,717,-76,-284,19250,22330,20440
18285,717,-76,-284,19250,22330,20440
18290,697,-74,-247,15890,18620,24360
18295,697,-74,-247,15890,18620,24360
18300,706,-87,-234,15960,11200,28840
18305,706,-87,-234,15960,11200,28840
18310,726,-15,-226,19460,3430,33390
18315,726,-15,-226,18550,-70,36610
18320,811,75,-205,18550,-70,36610
18325,855,75,-207,12250,3500,39130
18330,855,102,-207,12250,3500,39130
18335,814,91,-218,5880,10640,41090
18340,814,91,-218,5880,10640,41090
18345,760,74,-216,2240,15400,42070
18350,760,74,-216,2240,15400,42070
18355,747,39,-217,-70,17500,41160
18360,747,39,-217,-70,17500,41160
18365,781,-24,-216,-2660,17990,39410
18370,781,-24,-216,-2660,17990,39410
18375,847,-82,-212,-6160,17920,38220
18380,847,-82,-212,-6160,17920,38220
18385,903,-154,-206,-9660,18760,37660
18390,903,-154,-206,-9660,18760,37660
18395,914,-239,-237,-12460,19530,37800
18400,914,-239,-237,-12460,19530,37800
18405,881,-308,-271,-11340,20230,37450
18410,881,-308,-271,-11340,20230,37450
18415,822,-304,-259,-7420,19530,36400
18420,822,-304,-259,-7420,19530,36400
18425,784,-259,-224,-5460,16590,33460
18430,784,-259,-224,-5460,16590,33460
18435,773,-224,-224,-7280,11410,29470
18440,773,-224,-224,-7280,11410,29470
18445,795,-185,-242,-8890,5740,24500
18450,795,-185,-242,-8890,5740,24500
18455,818,-177,-289,-9100,1330,19530
18460,818,-177,-289,-9100,1330,19530
18465,814,-122,-284,-8750,-910,14910
18470,814,-122,-284,-8750,-910,14910
18475,807,-125,-294,-10290,-2240,11760
18480,807,-125,-294,-10290,-2240,11760
18485,856,-147,-333,-11830,-3290,8610
18490,856,-147,-333,-11830,-3290,8610
18495,884,-157,-347,-10430,-1610,5110
18500,884,-157,-347,-10430,-1610,5110
18505,854,-116,-291,-8050,-980,3850
18510,854,-116,-291,-8050,-980,3850
18515,846,-120,-263,-10290,-3710,3150
18520,846,-120,-263,-10290,-3710,3150
18525,877,-159,-278,-13230,-8400,2800
18530,877,-159,-278,-13230,-8400,2800
18535,954,-186,-305,-14140,-12320,2590
18540,954,-186,-305,-14140,-12320,2590
18545,1060,-190,-335,-15050,-14070,2660
18550,1060,-190,-335,-15050,-14070,2660
18555,1174,-171,-365,-16030,-12040,2450
18560,1174,-171,-365,-16730,-6230,1050
18565,1278,-169,-413,-16730,-6230,1050
18570,1364,-125,-465,-16520,5040,-2030
18575,1364,-125,-465,-16520,5040,-2030
18580,1230,-168,-473,-14770,15540,-3080
18585,1230,-168,-473,-14770,15540,-3080
18590,1219,-172,-426,-9030,15470,-6300
18595,1219,-172,-426,-9030,15470,-6300
18600,1227,-184,-426,-4830,12040,-6720
18605,1227,-184,-426,-4830,12040,-6720
18610,1294,-189,-391,1540,8400,-5670
18615,1294,-189,-391,1540,8400,-5670
18620,1379,-174,-357,7630,5810,-6160
18625,1379,-174,-357,7630,5810,-6160
18630,1421,-207,-355,11690,6020,-7490
18635,1421,-207,-355,11690,6020,-7490
18640,1436,-285,-402,14210,7490,-9940
18645,1436,-285,-402,14210,7490,-9940
18650,1422,-318,-417,18270,7910,-11690
18655,1422,-318,-417,18270,7910,-11690
18660,1368,-259,-334,22610,6650,-12110
18665,1368,-259,-334,22610,6650,-12110
18670,1276,-135,-198,21630,5670,-12810
18675,1276,-135,-198,21630,5670,-12810
18680,1109,-57,-126,13370,5670,-13370
18685,1109,-57,-126,13370,5670,-13370
18690,871,-35,-123,3710,2170,-13300
18695,871,-35,-123,3710,2170,-13300
18700,675,-16,-128,-4270,-6720,-15050
18705,675,-16,-128,-4270,-6720,-15050
18710,560,-38,-182,-13370,-19880,-17920
18715,560,-38,-182,-13370,-19880,-17920
18720,518,-117,-292,-22540,-34650,-20160
18725,518,-117,-292,-22540,-34650,-20160
18730,578,-205,-409,-27510,-49630,-22400
18735,578,-205,-409,-27510,-49630,-22400
18740,752,-244,-479,-28630,-62860,-24430
18745,752,-244,-479,-28630,-62860,-24430
18750,1017,-219,-563,-30030,-68180,-26880
18755,1017,-219,-563,-30030,-68180,-26880
18760,1161,-132,-626,-29470,-60130,-25550
18765,1161,-132,-626,-29470,-60130,-25550
18770,1235,-29,-649,-29120,-40880,-24150
18775,1235,-29,-649,-29120,-40880,-24150
18780,1211,61,-648,-29820,-14700,-25130
18785,1211,61,-648,-29820,-14700,-25130
18790,1147,111,-609,-29330,11340,-27300
18795,1147,111,-609,-29330,11340,-27300
18800,962,190,-453,-28280,31290,-28000
18805,962,190,-453,-27370,40110,-27020
18810,856,117,-367,-27370,40110,-27020
18815,640,113,-214,-26670,37590,-22610
18820,640,113,-214,-26670,37590,-22610
18825,543,20,-198,-35280,24570,-16660
18830,543,20,-198,-35280,24570,-16660
18835,558,-86,-218,-36260,9450,-13790
18840,558,-86,-218,-36260,9450,-13790
18845,584,-100,-187,-32620,-3010,-13860
18850,584,-100,-187,-32620,-3010,-13860
18855,636,-165,-235,-33040,-13230,-15750
18860,636,-165,-235,-33040,-13230,-15750
18865,719,-181,-259,-28560,-20720,-20860
18870,719,-181,-259,-28560,-20720,-20860
18875,713,-199,-274,-22190,-25760,-23030
18880,713,-199,-274,-22190,-25760,-23030
18885,811,-214,-282,-14700,-27160,-29680
18890,811,-214,-282,-14700,-27160,-29680
18895,947,-24,-286,-24220,-20370,-35980
18900,947,-24,-286,-24220,-20370,-35980
18905,871,-163,-455,-35700,-2730,-33530
18910,871,-163,-455,-35700,-2730,-33530
18915,814,-29,-329,-15400,13930,-39130
18920,814,-29,-329,-15400,13930,-39130
18925,749,155,-195,-10640,25970,-41720
18930,749,155,-195,-10640,25970,-41720
18935,703,125,-255,-22750,32200,-39760
18940,703,125,-255,-22750,32200,-39760
18945,626,32,-279,-21420,36260,-39340
18950,626,32,-279,-21420,36260,-39340
18955,514,34,-174,-9450,34090,-38290
18960,514,34,-174,-9450,34090,-38290
18965,458,24,-111,-5880,24010,-37310
18970,458,24,-111,-5880,24010,-37310
18975,493,11,-95,-9730,9800,-37170
18980,493,11,-95,-9730,9800,-37170
18985,618,-32,-161,-17080,-3850,-36540
18990,618,-32,-161,-17080,-3850,-36540
18995,687,-73,-208,-18270,-11130,-33740
19000,687,-73,-208,-18270,-11130,-33740
19005,772,-58,-212,-13930,-14840,-32760
19010,772,-58,-212,-13930,-14840,-32760
19015,818,-44,-239,-9800,-14490,-30870
19020,818,-44,-239,-9800,-14490,-30870
19025,815,-6,-277,-4620,-11130,-28420
19030,815,-6,-277,-4620,-11130,-28420
19035,763,55,-284,3080,-7560,-26250
19040,763,55,-284,3080,-7560,-26250
19045,736,129,-288,4970,-7560,-23240
19050,736,129,-288,6580,-8890,-25130
19055,882,161,-319,6580,-8890,-25130
19060,1017,247,-297,10920,-9520,-25270
19065,1017,247,-297,10920,-9520,-25270
19070,1119,282,-314,9380,-9100,-22680
19075,1119,282,-314,9380,-9100,-22680
19080,1207,288,-322,5110,-5530,-22120
19085,1207,288,-322,5110,-5530,-22120
19090,1212,271,-292,-1680,3850,-21560
19095,1212,271,-292,-1680,3850,-21560
19100,1115,225,-221,-10990,17360,-20860
19105,1115,225,-221,-10990,17360,-20860
19110,986,160,-154,-20860,26880,-21000
19115,986,160,-154,-20860,26880,-21000
19120,891,101,-111,-27160,27090,-21140
19125,891,101,-111,-27160,27090,-21140
19130,850,58,-109,-28840,19810,-19950
19135,850,58,-109,-28840,19810,-19950
19140,862,14,-136,-27090,10710,-17360
19145,862,14,-136,-27090,10710,-17360
19150,861,23,-135,-21980,2590,-13580
19155,861,23,-135,-21980,2590,-13580
19160,858,63,-120,-16730,-5810,-10220
19165,858,63,-120,-16730,-5810,-10220
19170,891,84,-131,-12950,-13650,-9520
19175,891,84,-131,-12950,-13650,-9520
19180,924,111,-157,-11060,-17710,-10640
19185,924,111,-157,-11060,-17710,-10640
19190,956,80,-169,-9170,-19670,-11340
19195,956,80,-169,-9170,-19670,-11340
19200,997,88,-160,-7000,-20440,-13860
19205,997,88,-160,-7000,-20440,-13860
19210,1050,31,-211,-8680,-19950,-14420
19215,1050,31,-211,-8680,-19950,-14420
19220,1124,-20,-271,-6580,-16100,-15190
19225,1124,-20,-271,-6580,-16100,-15190
19230,1172,15,-282,2520,-9730,-14840
19235,1172,15,-282,2520,-9730,-14840
19240,1195,130,-301,11340,-5110,-13300
19245,1195,130,-301,11340,-5110,-13300
19250,1206,308,-325,16030,-5530,-9310
19255,1206,308,-325,16030,-5530,-9310
19260,1252,495,-369,15190,-11270,-4620
19265,1252,495,-369,15190,-11270,-4620
19270,1329,592,-464,10010,-19040,700
19275,1329,592,-464,10010,-19040,700
19280,1467,612,-538,5530,-25130,6720
19285,1467,612,-538,0,-25760,13300
19290,1580,609,-540,0,-25760,13300
19295,1621,609,-507,-3920,-22120,18830
19300,1621,462,-507,-3920,-22120,18830
19305,1710,343,-623,-14210,-10990,17360
19310,1710,343,-623,-14210,-10990,17360
19315,1558,143,-692,-24710,10220,21350
19320,1558,143,-692,-24710,10220,21350
19325,1314,-40,-664,-23450,22820,25410
19330,1314,-40,-664,-23450,22820,25410
19335,1146,-179,-635,-14560,20650,24430
19340,1146,-179,-635,-14560,20650,24430
19345,1058,-188,-571,-1470,12810,19530
19350,1058,-188,-571,-1470,12810,19530
19355,959,-193,-502,9660,3920,17570
19360,959,-193,-502,9660,3920,17570
19365,826,-227,-444,17710,-6790,20160
19370,826,-227,-444,17710,-6790,20160
19375,705,-257,-397,24010,-20020,23100
19380,705,-257,-397,24010,-20020,23100
19385,613,-257,-374,28980,-35140,24220
19390,613,-257,-374,28980,-35140,24220
19395,586,-183,-385,32830,-51030,23030
19400,586,-183,-385,32830,-51030,23030
19405,621,-59,-417,34440,-62930,19810
19410,621,-59,-417,34440,-62930,19810
19415,734,83,-457,34090,-68530,15960
19420,734,83,-457,34090,-68530,15960
19425,875,190,-492,31780,-66080,15680
19430,875,190,-492,31780,-66080,15680
19435,1005,237,-548,28770,-57400,17920
19440,1005,237,-548,28770,-57400,17920
19445,1116,212,-587,25690,-42980,18550
19450,1116,212,-587,25690,-42980,18550
19455,1133,152,-558,21980,-22540,19530
19460,1133,152,-558,21980,-22540,19530
19465,1060,87,-447,15680,-1890,21210
19470,1060,87,-447,15680,-1890,21210
19475,918,11,-316,6580,10850,21910
19480,918,11,-316,6580,10850,21910
19485,776,-110,-257,-420,10010,22400
19490,776,-110,-257,-420,10010,22400
19495,749,-202,-266,140,-1120,21000
19500,749,-202,-266,140,-1120,21000
19505,842,-225,-297,6230,-11480,17710
19510,842,-225,-297,6230,-11480,17710
19515,972,-229,-352,13090,-12460,12670
19520,972,-229,-352,13090,-12460,12670
19525,953,-222,-354,19670,-5250,11130
19530,953,-222,-354,25900,-770,10990
19535,898,-178,-336,25900,-770,10990
19540,822,-117,-309,31150,-1680,11340
19545,822,-117,-309,31150,-1680,11340
19550,852,-83,-329,36820,-3220,10850
19555,852,-83,-329,36820,-3220,10850
19560,811,-1,-293,44030,-560,10010
19565,811,-1,-293,44030,-560,10010
19570,807,53,-282,43120,1400,11270
19575,807,53,-282,43120,1400,11270
19580,765,43,-267,38920,3850,14630
19585,765,43,-267,38920,3850,14630
19590,683,29,-226,36050,4130,19110
19595,683,29,-226,36050,4130,19110
19600,628,15,-209,31010,2940,22400
19605,628,15,-209,31010,2940,22400
19610,614,20,-200,24990,2450,24080
19615,614,20,-200,24990,2450,24080
19620,610,31,-189,18480,2520,25900
19625,610,31,-189,18480,2520,25900
19630,629,55,-158,13020,2310,27930
19635,629,55,-158,13020,2310,27930
19640,648,58,-195,9100,-1120,29820
19645,648,58,-195,9100,-1120,29820
19650,673,83,-243,8680,-3780,30590
19655,673,83,-243,8680,-3780,30590
19660,743,76,-272,7350,-1470,31430
19665,743,76,-272,7350,-1470,31430
19670,750,30,-268,7910,4200,33670
19675,750,30,-268,7910,4200,33670
19680,714,-10,-259,8050,7280,35840
19685,714,-10,-259,8050,7280,35840
19690,722,-83,-257,6020,9730,36330
19695,722,-83,-257,6020,9730,36330
19700,683,-156,-217,4480,10710,37240
19705,683,-156,-217,4480,10710,37240
19710,696,-192,-183,3640,8470,35560
19715,696,-192,-183,3640,8470,35560
19720,695,-198,-168,3850,5390,33250
19725,695,-198,-168,3850,5390,33250
19730,729,-218,-192,2240,1400,30730
19735,729,-218,-192,2240,1400,30730
19740,758,-231,-246,-1050,-1890,28560
19745,758,-231,-246,-1050,-1890,28560
19750,803,-264,-307,-2940,-4060,25830
19755,803,-264,-307,-2940,-4060,25830
19760,866,-280,-358,-1890,-5810,23030
19765,866,-280,-358,-1890,-5810,23030
19770,939,-244,-353,420,-4900,19600
19775,939,-244,-353,3500,-2100,16870
19780,896,-265,-323,3500,-2100,16870
19785,923,-284,-332,9030,-910,12040
19790,923,-284,-332,9030,-910,12040
19795,938,-280,-316,15330,2870,6790
19800,938,-280,-316,15330,2870,6790
19805,960,-240,-291,19810,8820,1260
19810,960,-240,-291,19810,8820,1260
19815,909,-182,-241,22610,13580,-1820
19820,909,-182,-241,22610,13580,-1820
19825,909,-93,-189,23520,13230,-3920
19830,909,-93,-189,23520,13230,-3920
19835,927,-76,-194,21560,10500,-4200
19840,927,-76,-194,21560,10500,-4200
19845,908,-14,-163,21630,7000,-2590
19850,908,-14,-163,21630,7000,-2590
19855,942,0,-174,17290,910,-280
19860,942,0,-174,17290,910,-280
19865,1013,-34,-221,13300,-4830,1750
19870,1013,-34,-221,13300,-4830,1750
19875,1062,-93,-294,14840,-8610,2940
19880,1062,-93,-294,14840,-8610,2940
19885,1095,-141,-364,19250,-11550,2800
19890,1095,-141,-364,19250,-11550,2800
19895,1127,-244,-441,22960,-14420,1750
19900,1127,-244,-441,22960,-14420,1750
19905,1188,-420,-528,29260,-17570,630
19910,1188,-420,-528,29260,-17570,630
19915,1306,-559,-572,41930,-21700,560
19920,1306,-559,-572,41930,-21700,560
19925,1495,-597,-630,56840,-25270,1470
19930,1495,-597,-630,56840,-25270,1470
19935,1632,-519,-706,68250,-23800,2660
19940,1632,-519,-706,68250,-23800,2660
19945,1682,-431,-768,74970,-16030,1890
19950,1682,-431,-768,74970,-16030,1890
19955,1745,-311,-697,77560,-4270,-1050
19960,1745,-311,-697,77560,-4270,-1050
19965,1700,-199,-570,73850,5950,-1470
19970,1700,-199,-570,73850,5950,-1470
19975,1556,18,-430,67200,13160,-5040
19980,1556,18,-430,67200,13160,-5040
19985,1409,237,-291,54950,17500,-12040
19990,1409,237,-291,54950,17500,-12040
19995,1141,316,-220,36330,19740,-17640
20000,1141,316,-220,36330,19740,-17640